IN1;IN00017438;A53400T;MSE02-2-123-F03-1130-YDJMP
IN1;IN00017813;A53400T;MSE02-2-123-F03-1130-YDJMP
IN1;N1C1278159;3585009;MSE02-2-1LU-F03-3D81-Y38FPZ
IN1;N1C1279899;3585009;MSE02-2-1LU-F03-3D81-Y38FPZ
IN1;N1C1279900;3585009;MSE02-2-1LU-F03-3D81-Y38FPZ
IN1;N1C1284139;3585009;MSE02-2-1LU-F03-3D81-Y38FPZ
IN1;N1C1290312;3585009;MSE02-2-1LU-F03-3D81-Y38FPZ
IN1;N1C1293001;3585009;MSE02-2-1LU-F03-3D81-Y38FPZ
IN1;N1C1298086;3585009;MSE02-2-1LU-F03-3D81-Y38FPZ
IN1;N1J1322094;A51228H;MS05-E-H7A-F04-3AC7-FMPSTZ
IN1;N1P1277338;B29525R;MSE02-A-HLU-F03-2AC5-Y3FJMZ
IN1;N1P1277340;B29576W;MS05-A-BLA-T04-2AC6-5EFJMZ
IN1;N1P1277341;B29576W;MS05-A-BLA-T04-2AC6-5EFJMZ
IN1;N1P1306326;B15635T;MSE08-3-D21-T09-1120-5EJMPW
IN1;N1P1312621;B32856M;MS02-0-123-R02-1120-YBJ0
IN1;N1P1312622;B32856M;MS02-0-123-R02-1120-YBJ0
IN1;N1S1187789;B22104A;MSE02-2-1LA-F03-2A81-YJKM
IN1;N1S1281455;001430025A;ARB-R-MS08-275-8D22-TD
IN1;N1T1191256;A01498D;MS05-2-133-F05-1230-DF00
IN1;N1T1287541;B13302H;MSE02-1-1LA-F03-2AC5-Y3DFJM
IN1;N1T1301510;A24683E;MSE02-1-12A-F03-1120-YDJP
IN1;N1T1301520;A24824H;MSE02-2-GE3-F03-1120-YDJ0
IN1;N1T1307337;A24709H;MSE02-2-123-F03-1120-YDGJP
IN1;N1T1312577;A25251W;MSE02-2-123-R02-1120-YDJP
IN1;N1T1315629;A24824H;MSE02-2-GE3-F03-1120-YDJ0
IN1;N1T1315630;A24824H;MSE02-2-GE3-F03-1120-YDJ0
IN1;N1T1316970;A24870H;MSE02-0-DE3-R02-1130-YDJ0
IN1;N1T1316971;A24871J;MSE02-0-GE3-R02-1130-YDJ0
IN1;N1T1317609;A25967A;MSE02-0-GE3-F03-1130-YDJ0
IN1;N1T1320561;B13302H;MSE02-1-1LA-F03-2AC5-Y3DFJM
IN1;N1T1320565;B13305L;MSE02-1-1LA-F03-2AC5-Y3DFJM
IN1;N1X1065825;A01498D;MS05-2-133-F05-1230-DF00
IN1;N1X1065834;A07935A;MSE05-2-11A-A05-2AC1-DFP0
IN1;N1X1085751;A44908N;GLACE-MS05-1C-CRG
IN1;N1X1130673;001830009Q;ARB-M-MS05-NFM1.66Z28-TD
IN1;N1X1145683;A24453E;MSE02-2-123-R02-1121-YDFJP
IN1;N1X1149733;A18840D;CVR-MS02-2C-JJ-NG
IN1;N1X1152157;A22916J;GLACE-MS02-1C-HF-CAST-NG
IN1;N1X1152945;A32271C;GLACE-MS02-2C-CAST-NG
IN1;N1X1153440;A22916J;GLACE-MS02-1C-HF-CAST-NG
IN1;N1X1159475;A24709H;MSE02-2-123-F03-1120-YDGJP
IN1;N1X1160606;B18104C;MSE02-2-123-F03-1130-YDJMP
IN1;N1X1176675;A17724Q;GLACE-MS02-1C-CAST-NG
IN1;N1X1176682;A17724Q;GLACE-MS02-1C-CAST-NG
IN1;N1X1177581;A17724Q;GLACE-MS02-1C-CAST-NG
IN1;N1X1177595;A17724Q;GLACE-MS02-1C-CAST-NG
IN1;N1X1177599;A17724Q;GLACE-MS02-1C-CAST-NG
IN1;N1X1177611;A17724Q;GLACE-MS02-1C-CAST-NG
IN1;N1X1178262;A17724Q;GLACE-MS02-1C-CAST-NG
IN1;N1X1178267;A17724Q;GLACE-MS02-1C-CAST-NG
IN1;N1X1182062;B17071E;MS02-0-12A-T03-1120-YDFJZ
IN1;N1X1184659;A01498D;MS05-2-133-F05-1230-DF00
IN1;N1X1187548;B18105D;MSE02-1-123-R02-1130-YDP0
IN1;N1X1188596;A32271C;GLACE-MS02-2C-CAST-NG
IN1;N1X1193854;3585009;MSE02-2-1LU-F03-3D81-Y38FPZ
IN1;N1X1196544;B13305L;MSE02-1-1LA-F03-2AC5-Y3DFJM
IN1;N1X1200200;B19714C;MSE02-2-GE3-F03-1130-YDJ0
IN1;N1X1200201;B19714C;MSE02-2-GE3-F03-1130-YDJ0
IN1;N1X1202595;A24413L;MSE02-0-123-R02-1130-YDFJP
IN1;N1X1204956;A24453E;MSE02-2-123-R02-1121-YDFJP
IN1;N1X1205313;A51225E;MS05-E-E7A-F04-3AC7-FMPSTZ
IN1;N1X1205344;A24443T;MSE02-2-123-R02-1131-YDFJP
IN1;N1X1205391;A23899C;ARB-R-MS02-140-5D18-EC-NG
IN1;N1X1207984;B19714C;MSE02-2-GE3-F03-1130-YDJ0
IN1;N1X1208808;001830033R;ARB-R-MSE02-140-5D18-TD
IN1;N1X1208825;B16758P;MFG-A20690P-ARB-R-MS02-DUP
IN1;N1X1214761;A24382C;MSE02-2-12A-R02-1120-YJ00
IN1;N1X1214819;B13302H;MSE02-1-1LA-F03-2AC5-Y3DFJM
IN1;N1X1214875;001830033R;ARB-R-MSE02-140-5D18-TD
IN1;N1X1218285;A44908N;GLACE-MS05-1C-CRG
IN1;N1X1224284;A51229J;MS05-E-H7A-F04-3AC7-FMPTZ
IN1;N1X1225279;A32271C;GLACE-MS02-2C-CAST-NG
IN1;N1X1225424;A44908N;GLACE-MS05-1C-CRG
IN1;N1X1225862;A23899C;ARB-R-MS02-140-5D18-EC-NG
IN1;N1X1227164;A24413L;MSE02-0-123-R02-1130-YDFJP
IN1;N1X1229987;A44908N;GLACE-MS05-1C-CRG
IN1;N1X1229988;A44908N;GLACE-MS05-1C-CRG
IN1;N1X1229989;A44908N;GLACE-MS05-1C-CRG
IN1;N1X1229990;A44908N;GLACE-MS05-1C-CRG
IN1;N1X1229992;A44908N;GLACE-MS05-1C-CRG
IN1;N1X1229994;A44908N;GLACE-MS05-1C-CRG
IN1;N1X1229995;A44908N;GLACE-MS05-1C-CRG
IN1;N1X1229996;A44908N;GLACE-MS05-1C-CRG
IN1;N1X1229998;A44908N;GLACE-MS05-1C-CRG
IN1;N1X1230940;001830048H;ARB-RT-MSE02-140-5D18-TD-EC
IN1;N1X1233114;A44908N;GLACE-MS05-1C-CRG
IN1;N1X1233115;A44908N;GLACE-MS05-1C-CRG
IN1;N1X1233372;001330058Q;ARB-R-MS08-205-6D20-JG-TD
IN1;N1X1234339;A44908N;GLACE-MS05-1C-CRG
IN1;N1X1237887;A17724Q;GLACE-MS02-1C-CAST-NG
IN1;N1X1239734;004743899M;MS05-6-133-F05-1230-DJ00
IN1;N1X1244810;001830026J;ARB-RR-MS11-225-10D22-TD
IN1;N1X1244811;A17336T;ARB-RG-MG11-225-10M20-TD-CH
IN1;N1X1244997;004743899M;MS05-6-133-F05-1230-DJ00
IN1;N1X1245609;A10828U;CVR-MS05-1C-JJ-FC-VE-X
IN1;N1X1248278;B16771D;MSE02-2-1LA-F03-3AC6-Y3DFJMZ
IN1;N1X1248304;A46167G;ARB-M-MS02-PCH106X25-TD-NG
IN1;N1X1253959;B18104C;MSE02-2-123-F03-1130-YDJMP
IN1;N1X1253967;B22104A;MSE02-2-1LA-F03-2A81-YJKM
IN1;N1X1253968;B28258P;MSE18-2-121-T19-1842-5DJP
IN1;N1X1253979;001930024C;FRE-ARB-MSE03-FH3-1C-3A
IN1;N1X1253997;A26517X;ARB-M-MS02-DINM2Z24-TD-NG
IN1;N1X1253999;A46167G;ARB-M-MS02-PCH106X25-TD-NG
IN1;N1X1257005;A28483K;SUP-PAL-RG-MG02-10 1-NG
IN1;N1X1257031;A24394Q;MSE02-2-123-R02-1130-YDJP
IN1;N1X1257037;A24870H;MSE02-0-DE3-R02-1130-YDJ0
IN1;N1X1261532;3585009;MSE02-2-1LU-F03-3D81-Y38FPZ
IN1;N1X1261594;B28258P;MSE18-2-121-T19-1842-5DJP
IN1;N1X1261617;001330084T;FRE-ARB-MS05-F05
IN1;N1X1261623;001830033R;ARB-R-MSE02-140-5D18-TD
IN1;N1X1265310;001430025A;ARB-R-MS08-275-8D22-TD
IN1;N1X1266979;A01498D;MS05-2-133-F05-1230-DF00
IN1;N1X1266988;3585009;MSE02-2-1LU-F03-3D81-Y38FPZ
IN1;N1X1267476;A50907J;CVM-MS05-2C-JJ-DAMP-FR-VE-X
IN1;N1X1267494;001830048H;ARB-RT-MSE02-140-5D18-TD-EC
IN1;N1X1267502;A18840D;CVR-MS02-2C-JJ-NG
IN1;N1X1267592;A51226F;MS05-E-E7A-F04-3AC7-FMPTZ
IN1;N1X1267621;B29207V;MS05-2-183-F04-1230-5DEFP
IN1;N1X1269732;001530021R;ARB-R-MS05-205-6D20-TD
IN1;N1X1272855;004743899M;MS05-6-133-F05-1230-DJ00
IN1;N1X1272911;B29207V;MS05-2-183-F04-1230-5DEFP
IN1;N1X1272915;B29207V;MS05-2-183-F04-1230-5DEFP
IN1;N1X1272950;001830033R;ARB-R-MSE02-140-5D18-TD
IN1;N1X1274969;A05806L;ARB-M-ML06-SAE30M20/40Z49-X
IN1;N1X1276338;A38016W;FRE-ARB-MS02-T03-1C-NG
IN1;N1X1280002;000930081H;ARB-R-MS05-140-10D18
IN1;N1X1280028;A44999M;MSE02-2-12A-F03-1120-YJ00
IN1;N1X1280058;A31430N;MSE02-2-11A-F03-3AC0-Y3FM
IN1;N1X1280077;A53036X;MSE02-2-1LA-F03-3AC6-Y3FJMZ
IN1;N1X1280078;A53036X;MSE02-2-1LA-F03-3AC6-Y3FJMZ
IN1;N1X1281465;A17336T;ARB-RG-MG11-225-10M20-TD-CH
IN1;N1X1282026;A51228H;MS05-E-H7A-F04-3AC7-FMPSTZ
IN1;N1X1282096;001530021R;ARB-R-MS05-205-6D20-TD
IN1;N1X1282097;001830033R;ARB-R-MSE02-140-5D18-TD
IN1;N1X1282114;A20690P;ARB-R-MS02-140-5D18-TD-NG
IN1;N1X1282123;B21555D;MFG-A23939V-ARB-R-MS02-TD-X-NG
IN1;N1X1282124;B21674H;MFG-001530093U-ARB-R-MS05-TD
IN1;N1X1282132;000150876V;B-PAL-R-MS05-1230-TD
IN1;N1X1283320;A46167G;ARB-M-MS02-PCH106X25-TD-NG
IN1;N1X1284288;A23939V;ARB-R-MS02-140-5D18-TD-X-NG
IN1;N1X1286679;B31743C;MS02-1-12A-F03-1120-YDGJ
IN1;N1X1286685;B18091N;MS05-2-G23-F04-1230-5DEJMP
IN1;N1X1289269;A15911U;MS05-1-113-R05-2A10-EFJ0
IN1;N1X1289298;A24970R;MSE02-2-D23-F03-1120-YJ00
IN1;N1X1289299;A24971S;MSE02-2-G23-F03-1120-YJ00
IN1;N1X1289301;A25846T;MSE02-2-123-F03-1120-YJ00
IN1;N1X1289304;A31430N;MSE02-2-11A-F03-3AC0-Y3FM
IN1;N1X1289305;A31775N;MSE02-2-1CU-R02-1130-YDFJMP
IN1;N1X1289337;B29210Z;MS05-2-183-R05-1230-5DEP
IN1;N1X1289361;A38451U;B-PAL-M-MS02-2A81-TD-TCC-NG
IN1;N1X1289362;009546223E;B-PAL-R-MS05-1730-TD-JR
IN1;N1X1289815;A46167G;ARB-M-MS02-PCH106X25-TD-NG
IN1;N1X1290456;000516321T;BCYL-MS05-PAP-AR
IN1;N1X1290465;001830033R;ARB-R-MSE02-140-5D18-TD
IN1;N1X1290470;A18842F;CVR-MS02-2C-GG-NG
IN1;N1X1291955;B20545F;MFG-000930081H-ARB-R-MS05-140
IN1;N1X1291956;A44862N;B-PAL-M-MS02-2AC5-TD-NG
IN1;N1X1292064;A01350S;MS05-8-133-A05-1230-DF00
IN1;N1X1292472;A24709H;MSE02-2-123-F03-1120-YDGJP
IN1;N1X1292473;A24709H;MSE02-2-123-F03-1120-YDGJP
IN1;N1X1292496;B29210Z;MS05-2-183-R05-1230-5DEP
IN1;N1X1292501;000930081H;ARB-R-MS05-140-10D18
IN1;N1X1296053;A24413L;MSE02-0-123-R02-1130-YDFJP
IN1;N1X1296054;A24413L;MSE02-0-123-R02-1130-YDFJP
IN1;N1X1296055;A24413L;MSE02-0-123-R02-1130-YDFJP
IN1;N1X1296066;A25251W;MSE02-2-123-R02-1120-YDJP
IN1;N1X1296090;B29210Z;MS05-2-183-R05-1230-5DEP
IN1;N1X1296112;001830048H;ARB-RT-MSE02-140-5D18-TD-EC
IN1;N1X1296113;001830048H;ARB-RT-MSE02-140-5D18-TD-EC
IN1;N1X1296114;001930024C;FRE-ARB-MSE03-FH3-1C-3A
IN1;N1X1296122;B21555D;MFG-A23939V-ARB-R-MS02-TD-X-NG
IN1;N1X1298590;3585009;MSE02-2-1LU-F03-3D81-Y38FPZ
IN1;N1X1298592;A42801X;MSE02-9-12A-F03-1120-YDGJV
IN1;N1X1298593;004743899M;MS05-6-133-F05-1230-DJ00
IN1;N1X1298595;004743899M;MS05-6-133-F05-1230-DJ00
IN1;N1X1298596;004743899M;MS05-6-133-F05-1230-DJ00
IN1;N1X1298600;A24580S;MSE02-9-123-F03-1120-YDJV
IN1;N1X1298601;A24823G;MSE02-2-DE3-F03-1120-YDJ0
IN1;N1X1298612;B17071E;MS02-0-12A-T03-1120-YDFJZ
IN1;N1X1298613;B17500V;MSE02-2-G2A-T03-1120-YDFJZ
IN1;N1X1298615;B18088K;MS05-2-D23-R05-1230-5DEJMP
IN1;N1X1298616;B18089L;MS05-2-D23-F04-1230-5DEJMP
IN1;N1X1298617;B18090M;MS05-2-G23-R05-1230-5DEJMP
IN1;N1X1298618;B18091N;MS05-2-G23-F04-1230-5DEJMP
IN1;N1X1298619;B18091N;MS05-2-G23-F04-1230-5DEJMP
IN1;N1X1298628;B18105D;MSE02-1-123-R02-1130-YDP0
IN1;N1X1298640;B29207V;MS05-2-183-F04-1230-5DEFP
IN1;N1X1298641;B29207V;MS05-2-183-F04-1230-5DEFP
IN1;N1X1298642;B29207V;MS05-2-183-F04-1230-5DEFP
IN1;N1X1298643;B29207V;MS05-2-183-F04-1230-5DEFP
IN1;N1X1298644;B29207V;MS05-2-183-F04-1230-5DEFP
IN1;N1X1298645;B29207V;MS05-2-183-F04-1230-5DEFP
IN1;N1X1298646;B29210Z;MS05-2-183-R05-1230-5DEP
IN1;N1X1298647;B29210Z;MS05-2-183-R05-1230-5DEP
IN1;N1X1298650;A38451U;B-PAL-M-MS02-2A81-TD-TCC-NG
IN1;N1X1298651;001750849W;B-PAL-R-MS05-1730-TD
IN1;N1X1298673;001150263L;CVR-MS05-1C-JJ-FC-FR-VE
IN1;N1X1298680;A18842F;CVR-MS02-2C-GG-NG
IN1;N1X1301367;001150294U;CVR-MS05-2C-MM
IN1;N1X1301368;001150294U;CVR-MS05-2C-MM
IN1;N1X1301369;001150294U;CVR-MS05-2C-MM
IN1;N1X1301370;001150294U;CVR-MS05-2C-MM
IN1;N1X1301372;001150294U;CVR-MS05-2C-MM
IN1;N1X1301377;001150294U;CVR-MS05-2C-MM
IN1;N1X1301380;001150294U;CVR-MS05-2C-MM
IN1;N1X1301381;001150294U;CVR-MS05-2C-MM
IN1;N1X1301382;001150294U;CVR-MS05-2C-MM
IN1;N1X1301383;001150294U;CVR-MS05-2C-MM
IN1;N1X1301384;001150294U;CVR-MS05-2C-MM
IN1;N1X1301385;001150294U;CVR-MS05-2C-MM
IN1;N1X1301386;001150294U;CVR-MS05-2C-MM
IN1;N1X1301393;B21555D;MFG-A23939V-ARB-R-MS02-TD-X-NG
IN1;N1X1301397;A24683E;MSE02-1-12A-F03-1120-YDJP
IN1;N1X1301400;A15911U;MS05-1-113-R05-2A10-EFJ0
IN1;N1X1301403;A48472M;MS02-0-12A-F03-1120-YDGHJ
IN1;N1X1301407;004743899M;MS05-6-133-F05-1230-DJ00
IN1;N1X1301408;A01498D;MS05-2-133-F05-1230-DF00
IN1;N1X1301412;A25967A;MSE02-0-GE3-F03-1130-YDJ0
IN1;N1X1301416;A53036X;MSE02-2-1LA-F03-3AC6-Y3FJMZ
IN1;N1X1301419;B13302H;MSE02-1-1LA-F03-2AC5-Y3DFJM
IN1;N1X1301420;B13302H;MSE02-1-1LA-F03-2AC5-Y3DFJM
IN1;N1X1301421;B13302H;MSE02-1-1LA-F03-2AC5-Y3DFJM
IN1;N1X1301422;B13302H;MSE02-1-1LA-F03-2AC5-Y3DFJM
IN1;N1X1301424;B13305L;MSE02-1-1LA-F03-2AC5-Y3DFJM
IN1;N1X1301430;B18106E;MSE02-1-123-F03-1130-YDP0
IN1;N1X1301433;B29207V;MS05-2-183-F04-1230-5DEFP
IN1;N1X1301434;B29207V;MS05-2-183-F04-1230-5DEFP
IN1;N1X1301435;B29207V;MS05-2-183-F04-1230-5DEFP
IN1;N1X1301436;B29210Z;MS05-2-183-R05-1230-5DEP
IN1;N1X1301437;B29210Z;MS05-2-183-R05-1230-5DEP
IN1;N1X1301438;B29210Z;MS05-2-183-R05-1230-5DEP
IN1;N1X1301439;B29210Z;MS05-2-183-R05-1230-5DEP
IN1;N1X1301440;B31651C;MS05-8-183-R05-1230-5DEP
IN1;N1X1303353;B21678M;MFG-B21674H-ARB-R-MS05
IN1;N1X1303825;001330080P;ARB-R-MS08-203.2-8D22-TD
IN1;N1X1303829;B21678M;MFG-B21674H-ARB-R-MS05
IN1;N1X1304383;001330079N;ARB-R-MS08-205-6D20-TD
IN1;N1X1304844;A24871J;MSE02-0-GE3-R02-1130-YDJ0
IN1;N1X1304845;A24871J;MSE02-0-GE3-R02-1130-YDJ0
IN1;N1X1304846;A24871J;MSE02-0-GE3-R02-1130-YDJ0
IN1;N1X1304864;A24870H;MSE02-0-DE3-R02-1130-YDJ0
IN1;N1X1304865;A24870H;MSE02-0-DE3-R02-1130-YDJ0
IN1;N1X1304866;A24870H;MSE02-0-DE3-R02-1130-YDJ0
IN1;N1X1304868;B07778D;MSE02-9-12A-F03-1120-YDFGJV
IN1;N1X1304869;B07778D;MSE02-9-12A-F03-1120-YDFGJV
IN1;N1X1304872;B07778D;MSE02-9-12A-F03-1120-YDFGJV
IN1;N1X1304873;B07778D;MSE02-9-12A-F03-1120-YDFGJV
IN1;N1X1304877;B18106E;MSE02-1-123-F03-1130-YDP0
IN1;N1X1304881;B31651C;MS05-8-183-R05-1230-5DEP
IN1;N1X1305844;A47955A;MSE02-2-12A-F03-1120-YDGJ
IN1;N1X1305849;A47955A;MSE02-2-12A-F03-1120-YDGJ
IN1;N1X1305850;A47955A;MSE02-2-12A-F03-1120-YDGJ
IN1;N1X1305869;A25249U;MSE02-1-123-R02-1120-YDJ0
IN1;N1X1305889;B27269P;MSE02-2-D2A-F03-1120-YDFGJM
IN1;N1X1305890;B27272S;MSE02-2-G2A-F03-1120-YDFGJM
IN1;N1X1305896;B02461Z;MSE05-A-F3A-F04-1230-59DEFJPZ
IN1;N1X1305899;A31927D;MGE02-2-113-R20-D130-YDJM
IN1;N1X1305900;A31927D;MGE02-2-113-R20-D130-YDJM
IN1;N1X1305902;A31927D;MGE02-2-113-R20-D130-YDJM
IN1;N1X1305903;A31927D;MGE02-2-113-R20-D130-YDJM
IN1;N1X1305904;A31927D;MGE02-2-113-R20-D130-YDJM
IN1;N1X1305905;A31927D;MGE02-2-113-R20-D130-YDJM
IN1;N1X1305908;A44999M;MSE02-2-12A-F03-1120-YJ00
IN1;N1X1305911;B18095S;MSE02-2-G23-F03-1130-YDJMP
IN1;N1X1305913;B18093Q;MSE02-2-D23-F03-1130-YDJMP
IN1;N1X1305914;A24823G;MSE02-2-DE3-F03-1120-YDJ0
IN1;N1X1305915;A24823G;MSE02-2-DE3-F03-1120-YDJ0
IN1;N1X1305918;A40828D;MS02-2-123-T03-1240-YDFHJP
IN1;N1X1305919;A40828D;MS02-2-123-T03-1240-YDFHJP
IN1;N1X1305922;A01349R;MS05-2-133-A05-1230-DF00
IN1;N1X1305923;A24824H;MSE02-2-GE3-F03-1120-YDJ0
IN1;N1X1305924;A24824H;MSE02-2-GE3-F03-1120-YDJ0
IN1;N1X1305925;A03337C;MSE05-2-13A-R05-1140-5DGJ
IN1;N1X1305927;B18103B;MSE02-2-123-R02-1130-YDJMP
IN1;N1X1306192;A24683E;MSE02-1-12A-F03-1120-YDJP
IN1;N1X1306193;3585009;MSE02-2-1LU-F03-3D81-Y38FPZ
IN1;N1X1306194;3585009;MSE02-2-1LU-F03-3D81-Y38FPZ
IN1;N1X1306196;3585014;MSE02-2-1LU-F03-3D81-Y3FPZ
IN1;N1X1306197;3585014;MSE02-2-1LU-F03-3D81-Y3FPZ
IN1;N1X1306198;3585014;MSE02-2-1LU-F03-3D81-Y3FPZ
IN1;N1X1306199;3585014;MSE02-2-1LU-F03-3D81-Y3FPZ
IN1;N1X1306200;3585014;MSE02-2-1LU-F03-3D81-Y3FPZ
IN1;N1X1306203;A51225E;MS05-E-E7A-F04-3AC7-FMPSTZ
IN1;N1X1306204;A51225E;MS05-E-E7A-F04-3AC7-FMPSTZ
IN1;N1X1306205;A51225E;MS05-E-E7A-F04-3AC7-FMPSTZ
IN1;N1X1306209;A51228H;MS05-E-H7A-F04-3AC7-FMPSTZ
IN1;N1X1306211;004743899M;MS05-6-133-F05-1230-DJ00
IN1;N1X1306212;004743899M;MS05-6-133-F05-1230-DJ00
IN1;N1X1306216;A24413L;MSE02-0-123-R02-1130-YDFJP
IN1;N1X1306217;A24413L;MSE02-0-123-R02-1130-YDFJP
IN1;N1X1306218;A24580S;MSE02-9-123-F03-1120-YDJV
IN1;N1X1306219;A24580S;MSE02-9-123-F03-1120-YDJV
IN1;N1X1306223;A24824H;MSE02-2-GE3-F03-1120-YDJ0
IN1;N1X1306224;A24871J;MSE02-0-GE3-R02-1130-YDJ0
IN1;N1X1306226;A25251W;MSE02-2-123-R02-1120-YDJP
IN1;N1X1306228;A25966Z;MSE02-0-DE3-F03-1130-YDJ0
IN1;N1X1306229;A25966Z;MSE02-0-DE3-F03-1130-YDJ0
IN1;N1X1306230;A25966Z;MSE02-0-DE3-F03-1130-YDJ0
IN1;N1X1306231;A25966Z;MSE02-0-DE3-F03-1130-YDJ0
IN1;N1X1306232;A25967A;MSE02-0-GE3-F03-1130-YDJ0
IN1;N1X1306233;A25967A;MSE02-0-GE3-F03-1130-YDJ0
IN1;N1X1306234;A25967A;MSE02-0-GE3-F03-1130-YDJ0
IN1;N1X1306235;A31928E;MGE02-2-113-R10-D130-YDJM
IN1;N1X1306236;A31928E;MGE02-2-113-R10-D130-YDJM
IN1;N1X1306239;A31928E;MGE02-2-113-R10-D130-YDJM
IN1;N1X1306240;A31928E;MGE02-2-113-R10-D130-YDJM
IN1;N1X1306241;A31928E;MGE02-2-113-R10-D130-YDJM
IN1;N1X1306242;A31928E;MGE02-2-113-R10-D130-YDJM
IN1;N1X1306245;A31930G;MGE02-2-113-W20-D130-YDHJM
IN1;N1X1306246;A31930G;MGE02-2-113-W20-D130-YDHJM
IN1;N1X1306247;A31930G;MGE02-2-113-W20-D130-YDHJM
IN1;N1X1306248;A31930G;MGE02-2-113-W20-D130-YDHJM
IN1;N1X1306249;A31930G;MGE02-2-113-W20-D130-YDHJM
IN1;N1X1306250;A31930G;MGE02-2-113-W20-D130-YDHJM
IN1;N1X1306251;A31931H;MGE02-2-113-W10-D130-YDHJM
IN1;N1X1306254;A31931H;MGE02-2-113-W10-D130-YDHJM
IN1;N1X1306255;A31931H;MGE02-2-113-W10-D130-YDHJM
IN1;N1X1306256;A31931H;MGE02-2-113-W10-D130-YDHJM
IN1;N1X1306257;A31931H;MGE02-2-113-W10-D130-YDHJM
IN1;N1X1306258;A31931H;MGE02-2-113-W10-D130-YDHJM
IN1;N1X1306259;A53036X;MSE02-2-1LA-F03-3AC6-Y3FJMZ
IN1;N1X1306260;A53036X;MSE02-2-1LA-F03-3AC6-Y3FJMZ
IN1;N1X1306261;B02461Z;MSE05-A-F3A-F04-1230-59DEFJPZ
IN1;N1X1306262;B02461Z;MSE05-A-F3A-F04-1230-59DEFJPZ
IN1;N1X1306264;B16771D;MSE02-2-1LA-F03-3AC6-Y3DFJMZ
IN1;N1X1306265;B16771D;MSE02-2-1LA-F03-3AC6-Y3DFJMZ
IN1;N1X1306266;B18088K;MS05-2-D23-R05-1230-5DEJMP
IN1;N1X1306267;B18089L;MS05-2-D23-F04-1230-5DEJMP
IN1;N1X1306268;B18090M;MS05-2-G23-R05-1230-5DEJMP
IN1;N1X1306269;B18092P;MSE02-2-D23-R02-1130-YDJMP
IN1;N1X1306270;B18094R;MSE02-2-G23-R02-1130-YDJMP
IN1;N1X1306271;B18103B;MSE02-2-123-R02-1130-YDJMP
IN1;N1X1306272;B18103B;MSE02-2-123-R02-1130-YDJMP
IN1;N1X1306273;B18103B;MSE02-2-123-R02-1130-YDJMP
IN1;N1X1306274;B18104C;MSE02-2-123-F03-1130-YDJMP
IN1;N1X1306275;B18104C;MSE02-2-123-F03-1130-YDJMP
IN1;N1X1306276;B18104C;MSE02-2-123-F03-1130-YDJMP
IN1;N1X1306277;B18104C;MSE02-2-123-F03-1130-YDJMP
IN1;N1X1306278;B18105D;MSE02-1-123-R02-1130-YDP0
IN1;N1X1306279;B18105D;MSE02-1-123-R02-1130-YDP0
IN1;N1X1306280;B18106E;MSE02-1-123-F03-1130-YDP0
IN1;N1X1306281;B18106E;MSE02-1-123-F03-1130-YDP0
IN1;N1X1306282;B19713B;MSE02-2-DE3-F03-1130-YDJ0
IN1;N1X1306283;B19713B;MSE02-2-DE3-F03-1130-YDJ0
IN1;N1X1306284;B19713B;MSE02-2-DE3-F03-1130-YDJ0
IN1;N1X1306285;B19713B;MSE02-2-DE3-F03-1130-YDJ0
IN1;N1X1306286;B19713B;MSE02-2-DE3-F03-1130-YDJ0
IN1;N1X1306287;B19713B;MSE02-2-DE3-F03-1130-YDJ0
IN1;N1X1306292;B19714C;MSE02-2-GE3-F03-1130-YDJ0
IN1;N1X1306293;B19714C;MSE02-2-GE3-F03-1130-YDJ0
IN1;N1X1306295;B19715D;MS02-9-123-R02-1130-YDJ0
IN1;N1X1306296;B19715D;MS02-9-123-R02-1130-YDJ0
IN1;N1X1306297;B19715D;MS02-9-123-R02-1130-YDJ0
IN1;N1X1306298;B19715D;MS02-9-123-R02-1130-YDJ0
IN1;N1X1306299;B19715D;MS02-9-123-R02-1130-YDJ0
IN1;N1X1306301;B29207V;MS05-2-183-F04-1230-5DEFP
IN1;N1X1306302;B29210Z;MS05-2-183-R05-1230-5DEP
IN1;N1X1306303;B31651C;MS05-8-183-R05-1230-5DEP
IN1;N1X1306305;001330079N;ARB-R-MS08-205-6D20-TD
IN1;N1X1306308;001830033R;ARB-R-MSE02-140-5D18-TD
IN1;N1X1306309;A03416N;FRE-ARB-MSE02/E03-F03-2C
IN1;N1X1306314;B20545F;MFG-000930081H-ARB-R-MS05-140
IN1;N1X1306315;B20545F;MFG-000930081H-ARB-R-MS05-140
IN1;N1X1306327;B15635T;MSE08-3-D21-T09-1120-5EJMPW
IN1;N1X1307130;A44983U;GLACE-MS05-2C-CRG
IN1;N1X1308247;B27272S;MSE02-2-G2A-F03-1120-YDFGJM
IN1;N1X1308249;A25249U;MSE02-1-123-R02-1120-YDJ0
IN1;N1X1308263;A51225E;MS05-E-E7A-F04-3AC7-FMPSTZ
IN1;N1X1308264;A51225E;MS05-E-E7A-F04-3AC7-FMPSTZ
IN1;N1X1308268;B07778D;MSE02-9-12A-F03-1120-YDFGJV
IN1;N1X1308269;B07778D;MSE02-9-12A-F03-1120-YDFGJV
IN1;N1X1308270;B07778D;MSE02-9-12A-F03-1120-YDFGJV
IN1;N1X1308271;B07778D;MSE02-9-12A-F03-1120-YDFGJV
IN1;N1X1308344;B07778D;MSE02-9-12A-F03-1120-YDFGJV
IN1;N1X1308345;3585009;MSE02-2-1LU-F03-3D81-Y38FPZ
IN1;N1X1308346;3585009;MSE02-2-1LU-F03-3D81-Y38FPZ
IN1;N1X1308347;3585009;MSE02-2-1LU-F03-3D81-Y38FPZ
IN1;N1X1308348;3585009;MSE02-2-1LU-F03-3D81-Y38FPZ
IN1;N1X1308350;A51228H;MS05-E-H7A-F04-3AC7-FMPSTZ
IN1;N1X1308351;A51228H;MS05-E-H7A-F04-3AC7-FMPSTZ
IN1;N1X1308352;A51228H;MS05-E-H7A-F04-3AC7-FMPSTZ
IN1;N1X1308353;A51228H;MS05-E-H7A-F04-3AC7-FMPSTZ
IN1;N1X1308354;A47955A;MSE02-2-12A-F03-1120-YDGJ
IN1;N1X1308355;A47955A;MSE02-2-12A-F03-1120-YDGJ
IN1;N1X1308356;A47955A;MSE02-2-12A-F03-1120-YDGJ
IN1;N1X1308357;A47955A;MSE02-2-12A-F03-1120-YDGJ
IN1;N1X1308358;A47955A;MSE02-2-12A-F03-1120-YDGJ
IN1;N1X1308359;A47955A;MSE02-2-12A-F03-1120-YDGJ
IN1;N1X1308360;A47955A;MSE02-2-12A-F03-1120-YDGJ
IN1;N1X1308361;A48472M;MS02-0-12A-F03-1120-YDGHJ
IN1;N1X1308362;004743899M;MS05-6-133-F05-1230-DJ00
IN1;N1X1308363;004743899M;MS05-6-133-F05-1230-DJ00
IN1;N1X1308364;004743899M;MS05-6-133-F05-1230-DJ00
IN1;N1X1308365;004743899M;MS05-6-133-F05-1230-DJ00
IN1;N1X1308366;A01349R;MS05-2-133-A05-1230-DF00
IN1;N1X1308368;A01498D;MS05-2-133-F05-1230-DF00
IN1;N1X1308369;A07935A;MSE05-2-11A-A05-2AC1-DFP0
IN1;N1X1308370;A07935A;MSE05-2-11A-A05-2AC1-DFP0
IN1;N1X1308371;A07935A;MSE05-2-11A-A05-2AC1-DFP0
IN1;N1X1308372;A24413L;MSE02-0-123-R02-1130-YDFJP
IN1;N1X1308373;A24443T;MSE02-2-123-R02-1131-YDFJP
IN1;N1X1308374;A24823G;MSE02-2-DE3-F03-1120-YDJ0
IN1;N1X1308375;A24823G;MSE02-2-DE3-F03-1120-YDJ0
IN1;N1X1308376;A24824H;MSE02-2-GE3-F03-1120-YDJ0
IN1;N1X1308377;A25239J;MSE02-2-123-F03-1120-YDJP
IN1;N1X1308379;A25967A;MSE02-0-GE3-F03-1130-YDJ0
IN1;N1X1308380;A31775N;MSE02-2-1CU-R02-1130-YDFJMP
IN1;N1X1308381;A40828D;MS02-2-123-T03-1240-YDFHJP
IN1;N1X1308382;B02461Z;MSE05-A-F3A-F04-1230-59DEFJPZ
IN1;N1X1308383;B13305L;MSE02-1-1LA-F03-2AC5-Y3DFJM
IN1;N1X1308385;B17071E;MS02-0-12A-T03-1120-YDFJZ
IN1;N1X1308386;B17500V;MSE02-2-G2A-T03-1120-YDFJZ
IN1;N1X1308387;B18105D;MSE02-1-123-R02-1130-YDP0
IN1;N1X1308388;B18106E;MSE02-1-123-F03-1130-YDP0
IN1;N1X1308389;B19713B;MSE02-2-DE3-F03-1130-YDJ0
IN1;N1X1308390;B19713B;MSE02-2-DE3-F03-1130-YDJ0
IN1;N1X1308391;B19714C;MSE02-2-GE3-F03-1130-YDJ0
IN1;N1X1308392;B19714C;MSE02-2-GE3-F03-1130-YDJ0
IN1;N1X1308393;B19715D;MS02-9-123-R02-1130-YDJ0
IN1;N1X1308394;B19715D;MS02-9-123-R02-1130-YDJ0
IN1;N1X1308395;B19715D;MS02-9-123-R02-1130-YDJ0
IN1;N1X1308396;B19715D;MS02-9-123-R02-1130-YDJ0
IN1;N1X1308397;B19715D;MS02-9-123-R02-1130-YDJ0
IN1;N1X1308398;B27272S;MSE02-2-G2A-F03-1120-YDFGJM
IN1;N1X1308399;B29207V;MS05-2-183-F04-1230-5DEFP
IN1;N1X1308400;B29207V;MS05-2-183-F04-1230-5DEFP
IN1;N1X1308401;B29207V;MS05-2-183-F04-1230-5DEFP
IN1;N1X1308402;B29207V;MS05-2-183-F04-1230-5DEFP
IN1;N1X1308403;B29207V;MS05-2-183-F04-1230-5DEFP
IN1;N1X1308404;B29210Z;MS05-2-183-R05-1230-5DEP
IN1;N1X1308405;B29210Z;MS05-2-183-R05-1230-5DEP
IN1;N1X1308406;B29210Z;MS05-2-183-R05-1230-5DEP
IN1;N1X1308407;B31651C;MS05-8-183-R05-1230-5DEP
IN1;N1X1310145;001330084T;FRE-ARB-MS05-F05
IN1;N1X1310976;A48472M;MS02-0-12A-F03-1120-YDGHJ
IN1;N1X1310977;A48472M;MS02-0-12A-F03-1120-YDGHJ
IN1;N1X1311504;A24683E;MSE02-1-12A-F03-1120-YDJP
IN1;N1X1311505;A24683E;MSE02-1-12A-F03-1120-YDJP
IN1;N1X1311506;3585009;MSE02-2-1LU-F03-3D81-Y38FPZ
IN1;N1X1311507;3585009;MSE02-2-1LU-F03-3D81-Y38FPZ
IN1;N1X1311508;3585009;MSE02-2-1LU-F03-3D81-Y38FPZ
IN1;N1X1311509;3585009;MSE02-2-1LU-F03-3D81-Y38FPZ
IN1;N1X1311510;3585009;MSE02-2-1LU-F03-3D81-Y38FPZ
IN1;N1X1311511;3585009;MSE02-2-1LU-F03-3D81-Y38FPZ
IN1;N1X1311512;3585014;MSE02-2-1LU-F03-3D81-Y3FPZ
IN1;N1X1311513;3585014;MSE02-2-1LU-F03-3D81-Y3FPZ
IN1;N1X1311514;3585014;MSE02-2-1LU-F03-3D81-Y3FPZ
IN1;N1X1311515;A51225E;MS05-E-E7A-F04-3AC7-FMPSTZ
IN1;N1X1311516;A51228H;MS05-E-H7A-F04-3AC7-FMPSTZ
IN1;N1X1311517;A51228H;MS05-E-H7A-F04-3AC7-FMPSTZ
IN1;N1X1311518;A48472M;MS02-0-12A-F03-1120-YDGHJ
IN1;N1X1311519;A24709H;MSE02-2-123-F03-1120-YDGJP
IN1;N1X1311520;A24709H;MSE02-2-123-F03-1120-YDGJP
IN1;N1X1311521;A07935A;MSE05-2-11A-A05-2AC1-DFP0
IN1;N1X1311522;A07935A;MSE05-2-11A-A05-2AC1-DFP0
IN1;N1X1311523;A07935A;MSE05-2-11A-A05-2AC1-DFP0
IN1;N1X1311526;A24394Q;MSE02-2-123-R02-1130-YDJP
IN1;N1X1311527;A24413L;MSE02-0-123-R02-1130-YDFJP
IN1;N1X1311528;A24699W;MSE02-2-123-F03-1120-YDJP
IN1;N1X1311529;A24823G;MSE02-2-DE3-F03-1120-YDJ0
IN1;N1X1311530;A24824H;MSE02-2-GE3-F03-1120-YDJ0
IN1;N1X1311531;A24870H;MSE02-0-DE3-R02-1130-YDJ0
IN1;N1X1311532;A24870H;MSE02-0-DE3-R02-1130-YDJ0
IN1;N1X1311533;A24871J;MSE02-0-GE3-R02-1130-YDJ0
IN1;N1X1311534;A24871J;MSE02-0-GE3-R02-1130-YDJ0
IN1;N1X1311535;A25239J;MSE02-2-123-F03-1120-YDJP
IN1;N1X1311537;A25966Z;MSE02-0-DE3-F03-1130-YDJ0
IN1;N1X1311538;A31430N;MSE02-2-11A-F03-3AC0-Y3FM
IN1;N1X1311539;A31430N;MSE02-2-11A-F03-3AC0-Y3FM
IN1;N1X1311540;A31927D;MGE02-2-113-R20-D130-YDJM
IN1;N1X1311541;A31927D;MGE02-2-113-R20-D130-YDJM
IN1;N1X1311542;A31927D;MGE02-2-113-R20-D130-YDJM
IN1;N1X1311543;A31927D;MGE02-2-113-R20-D130-YDJM
IN1;N1X1311544;A31927D;MGE02-2-113-R20-D130-YDJM
IN1;N1X1311545;A31927D;MGE02-2-113-R20-D130-YDJM
IN1;N1X1311546;A31927D;MGE02-2-113-R20-D130-YDJM
IN1;N1X1311547;A31927D;MGE02-2-113-R20-D130-YDJM
IN1;N1X1311548;A31927D;MGE02-2-113-R20-D130-YDJM
IN1;N1X1311549;A31927D;MGE02-2-113-R20-D130-YDJM
IN1;N1X1311550;A31928E;MGE02-2-113-R10-D130-YDJM
IN1;N1X1311551;A31928E;MGE02-2-113-R10-D130-YDJM
IN1;N1X1311552;A31928E;MGE02-2-113-R10-D130-YDJM
IN1;N1X1311553;A31928E;MGE02-2-113-R10-D130-YDJM
IN1;N1X1311554;A31928E;MGE02-2-113-R10-D130-YDJM
IN1;N1X1311555;A31928E;MGE02-2-113-R10-D130-YDJM
IN1;N1X1311556;A31928E;MGE02-2-113-R10-D130-YDJM
IN1;N1X1311557;A31928E;MGE02-2-113-R10-D130-YDJM
IN1;N1X1311558;A31928E;MGE02-2-113-R10-D130-YDJM
IN1;N1X1311559;A31928E;MGE02-2-113-R10-D130-YDJM
IN1;N1X1311560;A31930G;MGE02-2-113-W20-D130-YDHJM
IN1;N1X1311561;A31930G;MGE02-2-113-W20-D130-YDHJM
IN1;N1X1311562;A31930G;MGE02-2-113-W20-D130-YDHJM
IN1;N1X1311563;A31930G;MGE02-2-113-W20-D130-YDHJM
IN1;N1X1311564;A31930G;MGE02-2-113-W20-D130-YDHJM
IN1;N1X1311565;A31930G;MGE02-2-113-W20-D130-YDHJM
IN1;N1X1311566;A31930G;MGE02-2-113-W20-D130-YDHJM
IN1;N1X1311567;A31930G;MGE02-2-113-W20-D130-YDHJM
IN1;N1X1311568;A31930G;MGE02-2-113-W20-D130-YDHJM
IN1;N1X1311569;A31930G;MGE02-2-113-W20-D130-YDHJM
IN1;N1X1311570;A31931H;MGE02-2-113-W10-D130-YDHJM
IN1;N1X1311571;A31931H;MGE02-2-113-W10-D130-YDHJM
IN1;N1X1311572;A31931H;MGE02-2-113-W10-D130-YDHJM
IN1;N1X1311573;A31931H;MGE02-2-113-W10-D130-YDHJM
IN1;N1X1311574;A31931H;MGE02-2-113-W10-D130-YDHJM
IN1;N1X1311575;A31931H;MGE02-2-113-W10-D130-YDHJM
IN1;N1X1311576;A31931H;MGE02-2-113-W10-D130-YDHJM
IN1;N1X1311577;A31931H;MGE02-2-113-W10-D130-YDHJM
IN1;N1X1311578;A31931H;MGE02-2-113-W10-D130-YDHJM
IN1;N1X1311579;A31931H;MGE02-2-113-W10-D130-YDHJM
IN1;N1X1311580;B02461Z;MSE05-A-F3A-F04-1230-59DEFJPZ
IN1;N1X1311581;B13302H;MSE02-1-1LA-F03-2AC5-Y3DFJM
IN1;N1X1311582;B13302H;MSE02-1-1LA-F03-2AC5-Y3DFJM
IN1;N1X1311583;B13302H;MSE02-1-1LA-F03-2AC5-Y3DFJM
IN1;N1X1311584;B16771D;MSE02-2-1LA-F03-3AC6-Y3DFJMZ
IN1;N1X1311585;B16771D;MSE02-2-1LA-F03-3AC6-Y3DFJMZ
IN1;N1X1311586;B17071E;MS02-0-12A-T03-1120-YDFJZ
IN1;N1X1311587;B19713B;MSE02-2-DE3-F03-1130-YDJ0
IN1;N1X1311588;B19714C;MSE02-2-GE3-F03-1130-YDJ0
IN1;N1X1311589;B19714C;MSE02-2-GE3-F03-1130-YDJ0
IN1;N1X1311590;B19715D;MS02-9-123-R02-1130-YDJ0
IN1;N1X1311591;B19715D;MS02-9-123-R02-1130-YDJ0
IN1;N1X1311593;B22104A;MSE02-2-1LA-F03-2A81-YJKM
IN1;N1X1311594;B22104A;MSE02-2-1LA-F03-2A81-YJKM
IN1;N1X1311595;B29207V;MS05-2-183-F04-1230-5DEFP
IN1;N1X1311596;B29207V;MS05-2-183-F04-1230-5DEFP
IN1;N1X1311597;B29207V;MS05-2-183-F04-1230-5DEFP
IN1;N1X1311598;B29210Z;MS05-2-183-R05-1230-5DEP
IN1;N1X1311599;B29210Z;MS05-2-183-R05-1230-5DEP
IN1;N1X1311653;000516315M;BCYL-MSE05-AR
IN1;N1X1311655;001330080P;ARB-R-MS08-203.2-8D22-TD
IN1;N1X1311658;001530021R;ARB-R-MS05-205-6D20-TD
IN1;N1X1311659;001530021R;ARB-R-MS05-205-6D20-TD
IN1;N1X1311660;001530021R;ARB-R-MS05-205-6D20-TD
IN1;N1X1311661;001830033R;ARB-R-MSE02-140-5D18-TD
IN1;N1X1311662;001830048H;ARB-RT-MSE02-140-5D18-TD-EC
IN1;N1X1311663;001830048H;ARB-RT-MSE02-140-5D18-TD-EC
IN1;N1X1311664;A03416N;FRE-ARB-MSE02/E03-F03-2C
IN1;N1X1311665;A05806L;ARB-M-ML06-SAE30M20/40Z49-X
IN1;N1X1311668;A13152V;BCYL-MS02-AR-NG
IN1;N1X1311673;A20101Z;FRE-ARB-MS02-F02-2C-NG
IN1;N1X1311679;A23939V;ARB-R-MS02-140-5D18-TD-X-NG
IN1;N1X1311680;A26517X;ARB-M-MS02-DINM2Z24-TD-NG
IN1;N1X1311681;A26517X;ARB-M-MS02-DINM2Z24-TD-NG
IN1;N1X1311687;B16758P;MFG-A20690P-ARB-R-MS02-DUP
IN1;N1X1311688;B20545F;MFG-000930081H-ARB-R-MS05-140
IN1;N1X1311689;B21678M;MFG-B21674H-ARB-R-MS05
IN1;N1X1311692;001750849W;B-PAL-R-MS05-1730-TD
IN1;N1X1312618;001530093U;ARB-R-MS05-140-10D18-TD
IN1;N1X1313783;A22916J;GLACE-MS02-1C-HF-CAST-NG
IN1;N1X1313847;A24699W;MSE02-2-123-F03-1120-YDJP
IN1;N1X1313848;A24699W;MSE02-2-123-F03-1120-YDJP
IN1;N1X1313849;A24699W;MSE02-2-123-F03-1120-YDJP
IN1;N1X1313850;A24699W;MSE02-2-123-F03-1120-YDJP
IN1;N1X1313851;A24699W;MSE02-2-123-F03-1120-YDJP
IN1;N1X1313852;A24699W;MSE02-2-123-F03-1120-YDJP
IN1;N1X1313855;004743899M;MS05-6-133-F05-1230-DJ00
IN1;N1X1313856;004743899M;MS05-6-133-F05-1230-DJ00
IN1;N1X1313857;004743899M;MS05-6-133-F05-1230-DJ00
IN1;N1X1313858;004743899M;MS05-6-133-F05-1230-DJ00
IN1;N1X1313859;004743899M;MS05-6-133-F05-1230-DJ00
IN1;N1X1313864;B18105D;MSE02-1-123-R02-1130-YDP0
IN1;N1X1313865;B18105D;MSE02-1-123-R02-1130-YDP0
IN1;N1X1313866;B18105D;MSE02-1-123-R02-1130-YDP0
IN1;N1X1313868;B18106E;MSE02-1-123-F03-1130-YDP0
IN1;N1X1313869;B18106E;MSE02-1-123-F03-1130-YDP0
IN1;N1X1313870;B18106E;MSE02-1-123-F03-1130-YDP0
IN1;N1X1313871;A24443T;MSE02-2-123-R02-1131-YDFJP
IN1;N1X1313872;A24443T;MSE02-2-123-R02-1131-YDFJP
IN1;N1X1313874;B02461Z;MSE05-A-F3A-F04-1230-59DEFJPZ
IN1;N1X1313875;B02461Z;MSE05-A-F3A-F04-1230-59DEFJPZ
IN1;N1X1313895;B19713B;MSE02-2-DE3-F03-1130-YDJ0
IN1;N1X1313896;B19713B;MSE02-2-DE3-F03-1130-YDJ0
IN1;N1X1313897;B19713B;MSE02-2-DE3-F03-1130-YDJ0
IN1;N1X1313899;B29207V;MS05-2-183-F04-1230-5DEFP
IN1;N1X1313928;B18089L;MS05-2-D23-F04-1230-5DEJMP
IN1;N1X1314082;A13141J;BCYL-MSE02-PAP-AR-NG
IN1;N1X1314083;A13141J;BCYL-MSE02-PAP-AR-NG
IN1;N1X1314336;A13141J;BCYL-MSE02-PAP-AR-NG
IN1;N1X1314337;A13141J;BCYL-MSE02-PAP-AR-NG
IN1;N1X1314338;A13141J;BCYL-MSE02-PAP-AR-NG
IN1;N1X1314339;A13141J;BCYL-MSE02-PAP-AR-NG
IN1;N1X1314340;A13141J;BCYL-MSE02-PAP-AR-NG
IN1;N1X1314540;A15911U;MS05-1-113-R05-2A10-EFJ0
IN1;N1X1314541;A51225E;MS05-E-E7A-F04-3AC7-FMPSTZ
IN1;N1X1314542;A51228H;MS05-E-H7A-F04-3AC7-FMPSTZ
IN1;N1X1314543;A51229J;MS05-E-H7A-F04-3AC7-FMPTZ
IN1;N1X1314544;A24382C;MSE02-2-12A-R02-1120-YJ00
IN1;N1X1314545;A24394Q;MSE02-2-123-R02-1130-YDJP
IN1;N1X1314546;A24443T;MSE02-2-123-R02-1131-YDFJP
IN1;N1X1314547;A24453E;MSE02-2-123-R02-1121-YDFJP
IN1;N1X1314548;A25239J;MSE02-2-123-F03-1120-YDJP
IN1;N1X1314549;A25846T;MSE02-2-123-F03-1120-YJ00
IN1;N1X1314550;A31775N;MSE02-2-1CU-R02-1130-YDFJMP
IN1;N1X1314551;B13302H;MSE02-1-1LA-F03-2AC5-Y3DFJM
IN1;N1X1314552;B13302H;MSE02-1-1LA-F03-2AC5-Y3DFJM
IN1;N1X1314553;B13305L;MSE02-1-1LA-F03-2AC5-Y3DFJM
IN1;N1X1314554;B16771D;MSE02-2-1LA-F03-3AC6-Y3DFJMZ
IN1;N1X1314555;B16771D;MSE02-2-1LA-F03-3AC6-Y3DFJMZ
IN1;N1X1314556;B18090M;MS05-2-G23-R05-1230-5DEJMP
IN1;N1X1314557;B18103B;MSE02-2-123-R02-1130-YDJMP
IN1;N1X1314558;B18104C;MSE02-2-123-F03-1130-YDJMP
IN1;N1X1314559;B19715D;MS02-9-123-R02-1130-YDJ0
IN1;N1X1314560;B19715D;MS02-9-123-R02-1130-YDJ0
IN1;N1X1314561;B19715D;MS02-9-123-R02-1130-YDJ0
IN1;N1X1314562;B22104A;MSE02-2-1LA-F03-2A81-YJKM
IN1;N1X1314563;B29207V;MS05-2-183-F04-1230-5DEFP
IN1;N1X1314564;B29207V;MS05-2-183-F04-1230-5DEFP
IN1;N1X1314565;B29207V;MS05-2-183-F04-1230-5DEFP
IN1;N1X1314566;B29207V;MS05-2-183-F04-1230-5DEFP
IN1;N1X1314567;B29210Z;MS05-2-183-R05-1230-5DEP
IN1;N1X1314568;B29210Z;MS05-2-183-R05-1230-5DEP
IN1;N1X1314569;B31651C;MS05-8-183-R05-1230-5DEP
IN1;N1X1314594;A01816Z;CVR-MS05-2C-GG
IN1;N1X1314595;A01816Z;CVR-MS05-2C-GG
IN1;N1X1314597;001830009Q;ARB-M-MS05-NFM1.66Z28-TD
IN1;N1X1314601;001330079N;ARB-R-MS08-205-6D20-TD
IN1;N1X1314602;001330079N;ARB-R-MS08-205-6D20-TD
IN1;N1X1314603;001330084T;FRE-ARB-MS05-F05
IN1;N1X1314604;001330084T;FRE-ARB-MS05-F05
IN1;N1X1314605;001530021R;ARB-R-MS05-205-6D20-TD
IN1;N1X1314606;001530021R;ARB-R-MS05-205-6D20-TD
IN1;N1X1314608;001830048H;ARB-RT-MSE02-140-5D18-TD-EC
IN1;N1X1314609;A10828U;CVR-MS05-1C-JJ-FC-VE-X
IN1;N1X1314610;A13152V;BCYL-MS02-AR-NG
IN1;N1X1314613;A26517X;ARB-M-MS02-DINM2Z24-TD-NG
IN1;N1X1314614;B16758P;MFG-A20690P-ARB-R-MS02-DUP
IN1;N1X1314615;B20545F;MFG-000930081H-ARB-R-MS05-140
IN1;N1X1314616;B20545F;MFG-000930081H-ARB-R-MS05-140
IN1;N1X1314620;B21674H;MFG-001530093U-ARB-R-MS05-TD
IN1;N1X1314621;A38451U;B-PAL-M-MS02-2A81-TD-TCC-NG
IN1;N1X1314622;A47155F;B-PAL-RG-MG02-D131-TD-NG
IN1;N1X1315631;B21674H;MFG-001530093U-ARB-R-MS05-TD
IN1;N1X1315844;A22916J;GLACE-MS02-1C-HF-CAST-NG
IN1;N1X1316621;A17724Q;GLACE-MS02-1C-CAST-NG
IN1;N1X1316622;A17724Q;GLACE-MS02-1C-CAST-NG
IN1;N1X1316623;A17724Q;GLACE-MS02-1C-CAST-NG
IN1;N1X1316687;A24394Q;MSE02-2-123-R02-1130-YDJP
IN1;N1X1316688;A24394Q;MSE02-2-123-R02-1130-YDJP
IN1;N1X1316689;A24394Q;MSE02-2-123-R02-1130-YDJP
IN1;N1X1316690;A24394Q;MSE02-2-123-R02-1130-YDJP
IN1;N1X1316691;A24394Q;MSE02-2-123-R02-1130-YDJP
IN1;N1X1316692;A24394Q;MSE02-2-123-R02-1130-YDJP
IN1;N1X1316693;B19715D;MS02-9-123-R02-1130-YDJ0
IN1;N1X1316694;A48472M;MS02-0-12A-F03-1120-YDGHJ
IN1;N1X1316695;A48472M;MS02-0-12A-F03-1120-YDGHJ
IN1;N1X1316696;A24469W;MSE02-2-12A-F03-1120-YDJ0
IN1;N1X1316697;A07935A;MSE05-2-11A-A05-2AC1-DFP0
IN1;N1X1316698;A25251W;MSE02-2-123-R02-1120-YDJP
IN1;N1X1316700;A31930G;MGE02-2-113-W20-D130-YDHJM
IN1;N1X1316701;A31930G;MGE02-2-113-W20-D130-YDHJM
IN1;N1X1316771;A44908N;GLACE-MS05-1C-CRG
IN1;N1X1317615;A24683E;MSE02-1-12A-F03-1120-YDJP
IN1;N1X1317616;3585009;MSE02-2-1LU-F03-3D81-Y38FPZ
IN1;N1X1317617;3585009;MSE02-2-1LU-F03-3D81-Y38FPZ
IN1;N1X1317618;3585009;MSE02-2-1LU-F03-3D81-Y38FPZ
IN1;N1X1317619;3585009;MSE02-2-1LU-F03-3D81-Y38FPZ
IN1;N1X1317620;3585009;MSE02-2-1LU-F03-3D81-Y38FPZ
IN1;N1X1317621;3585014;MSE02-2-1LU-F03-3D81-Y3FPZ
IN1;N1X1317622;3585014;MSE02-2-1LU-F03-3D81-Y3FPZ
IN1;N1X1317623;3585014;MSE02-2-1LU-F03-3D81-Y3FPZ
IN1;N1X1317624;3585014;MSE02-2-1LU-F03-3D81-Y3FPZ
IN1;N1X1317625;3585014;MSE02-2-1LU-F03-3D81-Y3FPZ
IN1;N1X1317626;A15911U;MS05-1-113-R05-2A10-EFJ0
IN1;N1X1317627;A51225E;MS05-E-E7A-F04-3AC7-FMPSTZ
IN1;N1X1317628;A51225E;MS05-E-E7A-F04-3AC7-FMPSTZ
IN1;N1X1317629;A51228H;MS05-E-H7A-F04-3AC7-FMPSTZ
IN1;N1X1317630;A51228H;MS05-E-H7A-F04-3AC7-FMPSTZ
IN1;N1X1317631;A51229J;MS05-E-H7A-F04-3AC7-FMPTZ
IN1;N1X1317632;A51229J;MS05-E-H7A-F04-3AC7-FMPTZ
IN1;N1X1317633;A01498D;MS05-2-133-F05-1230-DF00
IN1;N1X1317634;A07935A;MSE05-2-11A-A05-2AC1-DFP0
IN1;N1X1317635;A07935A;MSE05-2-11A-A05-2AC1-DFP0
IN1;N1X1317636;A24413L;MSE02-0-123-R02-1130-YDFJP
IN1;N1X1317637;A24580S;MSE02-9-123-F03-1120-YDJV
IN1;N1X1317638;A25251W;MSE02-2-123-R02-1120-YDJP
IN1;N1X1317639;A25251W;MSE02-2-123-R02-1120-YDJP
IN1;N1X1317640;A25967A;MSE02-0-GE3-F03-1130-YDJ0
IN1;N1X1317641;A31430N;MSE02-2-11A-F03-3AC0-Y3FM
IN1;N1X1317642;A31430N;MSE02-2-11A-F03-3AC0-Y3FM
IN1;N1X1317643;A31430N;MSE02-2-11A-F03-3AC0-Y3FM
IN1;N1X1317644;B01590C;MSE02-2-123-R02-1120-YDJ0
IN1;N1X1317645;B01590C;MSE02-2-123-R02-1120-YDJ0
IN1;N1X1317646;B01588A;MSE02-2-123-F03-1120-YDJ0
IN1;N1X1317647;B01588A;MSE02-2-123-F03-1120-YDJ0
IN1;N1X1317648;B15975N;MS05-1-11C-F04-2A50-EFJM
IN1;N1X1317649;B17071E;MS02-0-12A-T03-1120-YDFJZ
IN1;N1X1317650;B17071E;MS02-0-12A-T03-1120-YDFJZ
IN1;N1X1317651;B17472Q;MSE02-2-D2A-T03-1120-YDFJZ
IN1;N1X1317652;B17500V;MSE02-2-G2A-T03-1120-YDFJZ
IN1;N1X1317653;B18088K;MS05-2-D23-R05-1230-5DEJMP
IN1;N1X1317654;B18089L;MS05-2-D23-F04-1230-5DEJMP
IN1;N1X1317655;B18103B;MSE02-2-123-R02-1130-YDJMP
IN1;N1X1317656;B18103B;MSE02-2-123-R02-1130-YDJMP
IN1;N1X1317657;B18104C;MSE02-2-123-F03-1130-YDJMP
IN1;N1X1317658;B18104C;MSE02-2-123-F03-1130-YDJMP
IN1;N1X1317659;B19713B;MSE02-2-DE3-F03-1130-YDJ0
IN1;N1X1317660;B19713B;MSE02-2-DE3-F03-1130-YDJ0
IN1;N1X1317661;B19714C;MSE02-2-GE3-F03-1130-YDJ0
IN1;N1X1317662;B19714C;MSE02-2-GE3-F03-1130-YDJ0
IN1;N1X1317663;B28258P;MSE18-2-121-T19-1842-5DJP
IN1;N1X1317664;B29207V;MS05-2-183-F04-1230-5DEFP
IN1;N1X1317665;B29207V;MS05-2-183-F04-1230-5DEFP
IN1;N1X1317666;A50907J;CVM-MS05-2C-JJ-DAMP-FR-VE-X
IN1;N1X1317667;A41156K;FRE-ARB-MZ02
IN1;N1X1317669;001150298Z;CVR-MS05-2C-JJ
IN1;N1X1317670;001830009Q;ARB-M-MS05-NFM1.66Z28-TD
IN1;N1X1317671;A35631E;CVR-MS05-2C-GG-DR
IN1;N1X1317672;000516321T;BCYL-MS05-PAP-AR
IN1;N1X1317673;001330080P;ARB-R-MS08-203.2-8D22-TD
IN1;N1X1317674;001330080P;ARB-R-MS08-203.2-8D22-TD
IN1;N1X1317675;001330084T;FRE-ARB-MS05-F05
IN1;N1X1317676;001330084T;FRE-ARB-MS05-F05
IN1;N1X1317677;001330084T;FRE-ARB-MS05-F05
IN1;N1X1317678;001330084T;FRE-ARB-MS05-F05
IN1;N1X1317679;001330084T;FRE-ARB-MS05-F05
IN1;N1X1317680;001330084T;FRE-ARB-MS05-F05
IN1;N1X1317681;001330084T;FRE-ARB-MS05-F05
IN1;N1X1317682;001330084T;FRE-ARB-MS05-F05
IN1;N1X1317683;001530093U;ARB-R-MS05-140-10D18-TD
IN1;N1X1317684;001830048H;ARB-RT-MSE02-140-5D18-TD-EC
IN1;N1X1317685;001930024C;FRE-ARB-MSE03-FH3-1C-3A
IN1;N1X1317686;A10828U;CVR-MS05-1C-JJ-FC-VE-X
IN1;N1X1317687;A13152V;BCYL-MS02-AR-NG
IN1;N1X1317688;A13152V;BCYL-MS02-AR-NG
IN1;N1X1317690;A18580V;FRE-ARB-MS02-F02-1C-NG
IN1;N1X1317691;A18833V;CVM-MS02-2C-JJ-NG
IN1;N1X1317692;A18842F;CVR-MS02-2C-GG-NG
IN1;N1X1317694;A20101Z;FRE-ARB-MS02-F02-2C-NG
IN1;N1X1317695;A20101Z;FRE-ARB-MS02-F02-2C-NG
IN1;N1X1317696;A20101Z;FRE-ARB-MS02-F02-2C-NG
IN1;N1X1317697;A20101Z;FRE-ARB-MS02-F02-2C-NG
IN1;N1X1317698;A20101Z;FRE-ARB-MS02-F02-2C-NG
IN1;N1X1317699;A20101Z;FRE-ARB-MS02-F02-2C-NG
IN1;N1X1317700;A20690P;ARB-R-MS02-140-5D18-TD-NG
IN1;N1X1317703;A26517X;ARB-M-MS02-DINM2Z24-TD-NG
IN1;N1X1317704;A32109B;GLACE-MS02-1C-HF-CAST-PP-NG
IN1;N1X1317705;A52162X;ARB-M-MS02-PCH106X25-X-NG
IN1;N1X1317706;B16758P;MFG-A20690P-ARB-R-MS02-DUP
IN1;N1X1317707;B21678M;MFG-B21674H-ARB-R-MS05
IN1;N1X1317708;B21678M;MFG-B21674H-ARB-R-MS05
IN1;N1X1317709;B21674H;MFG-001530093U-ARB-R-MS05-TD
IN1;N1X1317710;B21674H;MFG-001530093U-ARB-R-MS05-TD
IN1;N1X1317711;001750849W;B-PAL-R-MS05-1730-TD
IN1;N1X1317712;009546223E;B-PAL-R-MS05-1730-TD-JR
IN1;N1X1318873;B21678M;MFG-B21674H-ARB-R-MS05
IN1;N1X1319127;A37547M;BCYL-MS05-T55-PAP-AR-X
IN1;N1X1319128;A37547M;BCYL-MS05-T55-PAP-AR-X
IN1;N1X1319133;A03576M;BCYL-MSE02-AR-NG
IN1;N1X1320034;A32271C;GLACE-MS02-2C-CAST-NG
IN1;N1X1320065;B31651C;MS05-8-183-R05-1230-5DEP
IN1;N1X1320070;B19714C;MSE02-2-GE3-F03-1130-YDJ0
IN1;N1X1320071;B19714C;MSE02-2-GE3-F03-1130-YDJ0
IN1;N1X1320072;B19714C;MSE02-2-GE3-F03-1130-YDJ0
IN1;N1X1320073;B19714C;MSE02-2-GE3-F03-1130-YDJ0
IN1;N1X1320074;B19714C;MSE02-2-GE3-F03-1130-YDJ0
IN1;N1X1320075;A25251W;MSE02-2-123-R02-1120-YDJP
IN1;N1X1320076;A25251W;MSE02-2-123-R02-1120-YDJP
IN1;N1X1320077;A25251W;MSE02-2-123-R02-1120-YDJP
IN1;N1X1320078;A25239J;MSE02-2-123-F03-1120-YDJP
IN1;N1X1320079;A25239J;MSE02-2-123-F03-1120-YDJP
IN1;N1X1320080;A25239J;MSE02-2-123-F03-1120-YDJP
IN1;N1X1320081;A25239J;MSE02-2-123-F03-1120-YDJP
IN1;N1X1320082;A24699W;MSE02-2-123-F03-1120-YDJP
IN1;N1X1320083;A24699W;MSE02-2-123-F03-1120-YDJP
IN1;N1X1320084;A24699W;MSE02-2-123-F03-1120-YDJP
IN1;N1X1320085;A24699W;MSE02-2-123-F03-1120-YDJP
IN1;N1X1320086;A24699W;MSE02-2-123-F03-1120-YDJP
IN1;N1X1320087;A24699W;MSE02-2-123-F03-1120-YDJP
IN1;N1X1320104;B19713B;MSE02-2-DE3-F03-1130-YDJ0
IN1;N1X1320105;B19713B;MSE02-2-DE3-F03-1130-YDJ0
IN1;N1X1320106;B19713B;MSE02-2-DE3-F03-1130-YDJ0
IN1;N1X1320108;A48472M;MS02-0-12A-F03-1120-YDGHJ
IN1;N1X1320109;A48472M;MS02-0-12A-F03-1120-YDGHJ
IN1;N1X1320110;A48472M;MS02-0-12A-F03-1120-YDGHJ
IN1;N1X1320111;A48472M;MS02-0-12A-F03-1120-YDGHJ
IN1;N1X1320112;A24443T;MSE02-2-123-R02-1131-YDFJP
IN1;N1X1320277;A22916J;GLACE-MS02-1C-HF-CAST-NG
IN1;N1X1320278;A22916J;GLACE-MS02-1C-HF-CAST-NG
IN1;N1X1320288;A44983U;GLACE-MS05-2C-CRG
IN1;N1X1320289;A44908N;GLACE-MS05-1C-CRG
IN1;N1X1320291;A32271C;GLACE-MS02-2C-CAST-NG
IN1;N1X1320292;A32271C;GLACE-MS02-2C-CAST-NG
IN1;N1X1320299;A18842F;CVR-MS02-2C-GG-NG
IN1;N1X1320450;000516319R;BCYL-MS05-AR
IN1;N1X1320451;000516319R;BCYL-MS05-AR
IN1;N1X1320452;000516319R;BCYL-MS05-AR
IN1;N1X1320453;000516319R;BCYL-MS05-AR
IN1;N1X1320454;000516319R;BCYL-MS05-AR
IN1;N1X1320458;A03576M;BCYL-MSE02-AR-NG
IN1;N1X1320459;A03576M;BCYL-MSE02-AR-NG
IN1;N1X1320460;A44908N;GLACE-MS05-1C-CRG
IN1;N1X1320461;A32271C;GLACE-MS02-2C-CAST-NG
IN1;N1X1320462;A32271C;GLACE-MS02-2C-CAST-NG
IN1;N1X1320464;B27229V;CVR-MS02-2C-JJ-NG-X
IN1;N1X1320469;A44999M;MSE02-2-12A-F03-1120-YJ00
IN1;N1X1320470;B07778D;MSE02-9-12A-F03-1120-YDFGJV
IN1;N1X1320471;3585009;MSE02-2-1LU-F03-3D81-Y38FPZ
IN1;N1X1320472;3585009;MSE02-2-1LU-F03-3D81-Y38FPZ
IN1;N1X1320473;3585009;MSE02-2-1LU-F03-3D81-Y38FPZ
IN1;N1X1320474;3585009;MSE02-2-1LU-F03-3D81-Y38FPZ
IN1;N1X1320475;3585014;MSE02-2-1LU-F03-3D81-Y3FPZ
IN1;N1X1320476;A15911U;MS05-1-113-R05-2A10-EFJ0
IN1;N1X1320477;A15911U;MS05-1-113-R05-2A10-EFJ0
IN1;N1X1320478;A51225E;MS05-E-E7A-F04-3AC7-FMPSTZ
IN1;N1X1320479;A51225E;MS05-E-E7A-F04-3AC7-FMPSTZ
IN1;N1X1320480;A51228H;MS05-E-H7A-F04-3AC7-FMPSTZ
IN1;N1X1320481;A51228H;MS05-E-H7A-F04-3AC7-FMPSTZ
IN1;N1X1320482;A01349R;MS05-2-133-A05-1230-DF00
IN1;N1X1320483;A01350S;MS05-8-133-A05-1230-DF00
IN1;N1X1320484;A01498D;MS05-2-133-F05-1230-DF00
IN1;N1X1320485;A07935A;MSE05-2-11A-A05-2AC1-DFP0
IN1;N1X1320486;A24340G;MSE02-2-123-R02-1120-YJ00
IN1;N1X1320487;A24413L;MSE02-0-123-R02-1130-YDFJP
IN1;N1X1320488;A24443T;MSE02-2-123-R02-1131-YDFJP
IN1;N1X1320489;A24443T;MSE02-2-123-R02-1131-YDFJP
IN1;N1X1320490;A24453E;MSE02-2-123-R02-1121-YDFJP
IN1;N1X1320491;A24580S;MSE02-9-123-F03-1120-YDJV
IN1;N1X1320492;A24823G;MSE02-2-DE3-F03-1120-YDJ0
IN1;N1X1320493;A24824H;MSE02-2-GE3-F03-1120-YDJ0
IN1;N1X1320494;A24824H;MSE02-2-GE3-F03-1120-YDJ0
IN1;N1X1320495;B18088K;MS05-2-D23-R05-1230-5DEJMP
IN1;N1X1320496;B18089L;MS05-2-D23-F04-1230-5DEJMP
IN1;N1X1320497;B18092P;MSE02-2-D23-R02-1130-YDJMP
IN1;N1X1320498;B18093Q;MSE02-2-D23-F03-1130-YDJMP
IN1;N1X1320499;B18094R;MSE02-2-G23-R02-1130-YDJMP
IN1;N1X1320500;B18095S;MSE02-2-G23-F03-1130-YDJMP
IN1;N1X1320501;B19713B;MSE02-2-DE3-F03-1130-YDJ0
IN1;N1X1320502;B19715D;MS02-9-123-R02-1130-YDJ0
IN1;N1X1320503;B19715D;MS02-9-123-R02-1130-YDJ0
IN1;N1X1320504;B19715D;MS02-9-123-R02-1130-YDJ0
IN1;N1X1320505;B19715D;MS02-9-123-R02-1130-YDJ0
IN1;N1X1320506;B19715D;MS02-9-123-R02-1130-YDJ0
IN1;N1X1320507;B29207V;MS05-2-183-F04-1230-5DEFP
IN1;N1X1320508;B29207V;MS05-2-183-F04-1230-5DEFP
IN1;N1X1320509;B29207V;MS05-2-183-F04-1230-5DEFP
IN1;N1X1320510;B29207V;MS05-2-183-F04-1230-5DEFP
IN1;N1X1320511;B29210Z;MS05-2-183-R05-1230-5DEP
IN1;N1X1320512;B29210Z;MS05-2-183-R05-1230-5DEP
IN1;N1X1320513;B31651C;MS05-8-183-R05-1230-5DEP
IN1;N1X1320514;A50907J;CVM-MS05-2C-JJ-DAMP-FR-VE-X
IN1;N1X1320515;001150294U;CVR-MS05-2C-MM
IN1;N1X1320516;001150294U;CVR-MS05-2C-MM
IN1;N1X1320517;001150294U;CVR-MS05-2C-MM
IN1;N1X1320518;001150294U;CVR-MS05-2C-MM
IN1;N1X1320519;001150294U;CVR-MS05-2C-MM
IN1;N1X1320520;001150294U;CVR-MS05-2C-MM
IN1;N1X1320521;001330084T;FRE-ARB-MS05-F05
IN1;N1X1320522;001330084T;FRE-ARB-MS05-F05
IN1;N1X1320523;001330084T;FRE-ARB-MS05-F05
IN1;N1X1320524;A10828U;CVR-MS05-1C-JJ-FC-VE-X
IN1;N1X1320525;A13152V;BCYL-MS02-AR-NG
IN1;N1X1320526;A18580V;FRE-ARB-MS02-F02-1C-NG
IN1;N1X1320527;A20101Z;FRE-ARB-MS02-F02-2C-NG
IN1;N1X1320528;A23967B;ARB-R-MS02-100-10M12-TD-NG
IN1;N1X1320529;B20545F;MFG-000930081H-ARB-R-MS05-140
IN1;N1X1320530;B21678M;MFG-B21674H-ARB-R-MS05
IN1;N1X1320531;B21674H;MFG-001530093U-ARB-R-MS05-TD
IN1;N1X1320573;A32271C;GLACE-MS02-2C-CAST-NG
IN1;N1X1320583;000516319R;BCYL-MS05-AR
IN1;N1X1320584;000516319R;BCYL-MS05-AR
IN1;N1X1320585;000516319R;BCYL-MS05-AR
IN1;N1X1320586;000516319R;BCYL-MS05-AR
IN1;N1X1320587;000516319R;BCYL-MS05-AR
IN1;N1X1320590;A03576M;BCYL-MSE02-AR-NG
IN1;N1X1320591;A03576M;BCYL-MSE02-AR-NG
IN1;N1X1320592;A03576M;BCYL-MSE02-AR-NG
IN1;N1X1320593;A03576M;BCYL-MSE02-AR-NG
IN1;N1X1320594;A03576M;BCYL-MSE02-AR-NG
IN1;N1X1320595;A03576M;BCYL-MSE02-AR-NG
IN1;N1X1320599;000516319R;BCYL-MS05-AR
IN1;N1X1320676;A32271C;GLACE-MS02-2C-CAST-NG
IN1;N1X1320677;A32271C;GLACE-MS02-2C-CAST-NG
IN1;N1X1320678;A44908N;GLACE-MS05-1C-CRG
IN1;N1X1320679;A44908N;GLACE-MS05-1C-CRG
IN1;N1X1320680;A17724Q;GLACE-MS02-1C-CAST-NG
IN1;N1X1320681;A17724Q;GLACE-MS02-1C-CAST-NG
IN1;N1X1320682;A17724Q;GLACE-MS02-1C-CAST-NG
IN1;N1X1320827;000516319R;BCYL-MS05-AR
IN1;N1X1320830;A03576M;BCYL-MSE02-AR-NG
IN1;N1X1320831;A03576M;BCYL-MSE02-AR-NG
IN1;N1X1320863;A03576M;BCYL-MSE02-AR-NG
IN1;N1X1320864;A03576M;BCYL-MSE02-AR-NG
IN1;N1X1320868;000516319R;BCYL-MS05-AR
IN1;N1X1320869;000516319R;BCYL-MS05-AR
IN1;N1X1320870;000516319R;BCYL-MS05-AR
IN1;N1X1320871;000516319R;BCYL-MS05-AR
IN1;N1X1320872;000516319R;BCYL-MS05-AR
IN1;N1X1320873;000516319R;BCYL-MS05-AR
IN1;N1X1320874;000516319R;BCYL-MS05-AR
IN1;N1X1320875;000516319R;BCYL-MS05-AR
IN1;N1X1320876;A03576M;BCYL-MSE02-AR-NG
IN1;N1X1320877;A03576M;BCYL-MSE02-AR-NG
IN1;N1X1320878;A03576M;BCYL-MSE02-AR-NG
IN1;N1X1320879;A03576M;BCYL-MSE02-AR-NG
IN1;N1X1320880;A03576M;BCYL-MSE02-AR-NG
IN1;N1X1320881;A03576M;BCYL-MSE02-AR-NG
IN1;N1X1320882;A44908N;GLACE-MS05-1C-CRG
IN1;N1X1320883;A44908N;GLACE-MS05-1C-CRG
IN1;N1X1320884;A32271C;GLACE-MS02-2C-CAST-NG
IN1;N1X1320885;A32271C;GLACE-MS02-2C-CAST-NG
IN1;N1X1320887;B20545F;MFG-000930081H-ARB-R-MS05-140
IN1;N1X1320888;A44983U;GLACE-MS05-2C-CRG
IN1;N1X1320890;A44908N;GLACE-MS05-1C-CRG
IN1;N1X1320891;A44908N;GLACE-MS05-1C-CRG
IN1;N1X1320892;A44908N;GLACE-MS05-1C-CRG
IN1;N1X1320910;B20545F;MFG-000930081H-ARB-R-MS05-140
IN1;N1X1320913;A03576M;BCYL-MSE02-AR-NG
IN1;N1X1320914;A03576M;BCYL-MSE02-AR-NG
IN1;N1X1320915;A03576M;BCYL-MSE02-AR-NG
IN1;N1X1320916;A03576M;BCYL-MSE02-AR-NG
IN1;N1X1320917;A03576M;BCYL-MSE02-AR-NG
IN1;N1X1320918;A03576M;BCYL-MSE02-AR-NG
IN1;N1X1320919;A03576M;BCYL-MSE02-AR-NG
IN1;N1X1320921;A03576M;BCYL-MSE02-AR-NG
IN1;N1X1320922;000516319R;BCYL-MS05-AR
IN1;N1X1320923;000516319R;BCYL-MS05-AR
IN1;N1X1320924;000516319R;BCYL-MS05-AR
IN1;N1X1320925;000516319R;BCYL-MS05-AR
IN1;N1X1320926;000516319R;BCYL-MS05-AR
IN1;N1X1320927;000516319R;BCYL-MS05-AR
IN1;N1X1321114;A17724Q;GLACE-MS02-1C-CAST-NG
IN1;N1X1321115;A17724Q;GLACE-MS02-1C-CAST-NG
IN1;N1X1321116;A17724Q;GLACE-MS02-1C-CAST-NG
IN1;N1X1321132;A32271C;GLACE-MS02-2C-CAST-NG
IN1;N1X1321133;A32271C;GLACE-MS02-2C-CAST-NG
IN1;N1X1321292;A03576M;BCYL-MSE02-AR-NG
IN1;N1X1321293;A03576M;BCYL-MSE02-AR-NG
IN1;N1X1321294;A03576M;BCYL-MSE02-AR-NG
IN1;N1X1321298;A03576M;BCYL-MSE02-AR-NG
IN1;N1X1321299;A03576M;BCYL-MSE02-AR-NG
IN1;N1X1321300;A03576M;BCYL-MSE02-AR-NG
IN1;N1X1321301;A03576M;BCYL-MSE02-AR-NG
IN1;N1X1321302;A03576M;BCYL-MSE02-AR-NG
IN1;N1X1321303;A03576M;BCYL-MSE02-AR-NG
IN1;N1X1321304;000516319R;BCYL-MS05-AR
IN1;N1X1321305;000516319R;BCYL-MS05-AR
IN1;N1X1321306;000516319R;BCYL-MS05-AR
IN1;N1X1321307;000516319R;BCYL-MS05-AR
IN1;N1X1321308;000516319R;BCYL-MS05-AR
IN1;N1X1321309;000516319R;BCYL-MS05-AR
IN1;N1X1321310;000516319R;BCYL-MS05-AR
IN1;N1X1321311;A44908N;GLACE-MS05-1C-CRG
IN1;N1X1321312;A44908N;GLACE-MS05-1C-CRG
IN1;N1X1321313;A17724Q;GLACE-MS02-1C-CAST-NG
IN1;N1X1321314;A17724Q;GLACE-MS02-1C-CAST-NG
IN1;N1X1321315;A17724Q;GLACE-MS02-1C-CAST-NG
IN1;N1X1321322;000516319R;BCYL-MS05-AR
IN1;N1X1321323;000516319R;BCYL-MS05-AR
IN1;N1X1321404;A03576M;BCYL-MSE02-AR-NG
IN1;N1X1321405;A03576M;BCYL-MSE02-AR-NG
IN1;N1X1321406;A03576M;BCYL-MSE02-AR-NG
IN1;N1X1321407;A03576M;BCYL-MSE02-AR-NG
IN1;N1X1321408;A03576M;BCYL-MSE02-AR-NG
IN1;N1X1321409;000516319R;BCYL-MS05-AR
IN1;N1X1321410;000516319R;BCYL-MS05-AR
IN1;N1X1321411;000516319R;BCYL-MS05-AR
IN1;N1X1321412;000516319R;BCYL-MS05-AR
IN1;N1X1321413;000516319R;BCYL-MS05-AR
IN1;N1X1321414;000516319R;BCYL-MS05-AR
IN1;N1X1321418;A17724Q;GLACE-MS02-1C-CAST-NG
IN1;N1X1321420;A17724Q;GLACE-MS02-1C-CAST-NG
IN1;N1X1321421;A17724Q;GLACE-MS02-1C-CAST-NG
IN1;N1X1321422;A44908N;GLACE-MS05-1C-CRG
IN1;N1X1321423;A44908N;GLACE-MS05-1C-CRG
IN1;N1X1321424;A32271C;GLACE-MS02-2C-CAST-NG
IN1;N1X1321425;A32271C;GLACE-MS02-2C-CAST-NG
IN1;N1X1321446;A44908N;GLACE-MS05-1C-CRG
IN1;N1X1321447;A44908N;GLACE-MS05-1C-CRG
IN1;N1X1321610;A17724Q;GLACE-MS02-1C-CAST-NG
IN1;N1X1321638;A03576M;BCYL-MSE02-AR-NG
IN1;N1X1321639;A03576M;BCYL-MSE02-AR-NG
IN1;N1X1321640;A03576M;BCYL-MSE02-AR-NG
IN1;N1X1321641;A03576M;BCYL-MSE02-AR-NG
IN1;N1X1321642;A03576M;BCYL-MSE02-AR-NG
IN1;N1X1321643;A03576M;BCYL-MSE02-AR-NG
IN1;N1X1321644;000516319R;BCYL-MS05-AR
IN1;N1X1321645;000516319R;BCYL-MS05-AR
IN1;N1X1321648;000516319R;BCYL-MS05-AR
IN1;N1X1321651;000516319R;BCYL-MS05-AR
IN1;N1X1321654;000516319R;BCYL-MS05-AR
IN1;N1X1321655;000516319R;BCYL-MS05-AR
IN1;N1X1321819;A03576M;BCYL-MSE02-AR-NG
IN1;N1X1321820;A03576M;BCYL-MSE02-AR-NG
IN1;N1X1321821;A03576M;BCYL-MSE02-AR-NG
IN1;N1X1321822;A03576M;BCYL-MSE02-AR-NG
IN1;N1X1321823;A03576M;BCYL-MSE02-AR-NG
IN1;N1X1321824;A03576M;BCYL-MSE02-AR-NG
IN1;N1X1321825;000516319R;BCYL-MS05-AR
IN1;N1X1321826;000516319R;BCYL-MS05-AR
IN1;N1X1321827;000516319R;BCYL-MS05-AR
IN1;N1X1321833;A44908N;GLACE-MS05-1C-CRG
IN1;N1X1321834;A17724Q;GLACE-MS02-1C-CAST-NG
IN1;N1X1321835;A17724Q;GLACE-MS02-1C-CAST-NG
IN1;N1X1321836;A17724Q;GLACE-MS02-1C-CAST-NG
IN1;N1X1321837;A17724Q;GLACE-MS02-1C-CAST-NG
IN1;N1X1321985;A44983U;GLACE-MS05-2C-CRG
IN1;N1X1322096;A03576M;BCYL-MSE02-AR-NG
IN1;N1X1322097;A03576M;BCYL-MSE02-AR-NG
IN1;N1X1322098;A03576M;BCYL-MSE02-AR-NG
IN1;N1X1322099;A03576M;BCYL-MSE02-AR-NG
IN1;N1X1322100;A03576M;BCYL-MSE02-AR-NG
IN1;N1X1322101;A03576M;BCYL-MSE02-AR-NG
IN1;N1X1322135;A15911U;MS05-1-113-R05-2A10-EFJ0
IN1;N1X1322207;A32271C;GLACE-MS02-2C-CAST-NG
IN1;N1X1322208;A32271C;GLACE-MS02-2C-CAST-NG
IN1;N1X1322212;A44983U;GLACE-MS05-2C-CRG
IN1;N1X1322213;A44983U;GLACE-MS05-2C-CRG
IN1;N1X1322214;A17724Q;GLACE-MS02-1C-CAST-NG
IN1;N1X1322215;A17724Q;GLACE-MS02-1C-CAST-NG
IN1;N1X1322216;A17724Q;GLACE-MS02-1C-CAST-NG
IN1;N1X1322320;A03576M;BCYL-MSE02-AR-NG
IN1;N1X1322321;A03576M;BCYL-MSE02-AR-NG
IN1;N1X1322322;A03576M;BCYL-MSE02-AR-NG
IN1;N1X1322795;A03576M;BCYL-MSE02-AR-NG
IN1;N1X1322796;A03576M;BCYL-MSE02-AR-NG
IN1;N1X1322797;A03576M;BCYL-MSE02-AR-NG
IN1;N1X1322798;A03576M;BCYL-MSE02-AR-NG
IN1;N1X1322799;A03576M;BCYL-MSE02-AR-NG
IN1;N1X1322804;A03576M;BCYL-MSE02-AR-NG
IN1;N1X1322805;A03576M;BCYL-MSE02-AR-NG
IN1;N1X1322806;A03576M;BCYL-MSE02-AR-NG
IN1;N1X1322807;A03576M;BCYL-MSE02-AR-NG
IN1;N1X1322808;A03576M;BCYL-MSE02-AR-NG
IN1;N1X1322811;A03576M;BCYL-MSE02-AR-NG
IN1;N1X1322812;A03576M;BCYL-MSE02-AR-NG
IN1;N1X1322813;A03576M;BCYL-MSE02-AR-NG
IN1;N1X1322814;A03576M;BCYL-MSE02-AR-NG
IN1;N1X1322815;A03576M;BCYL-MSE02-AR-NG
IN1;N1X1322816;A03576M;BCYL-MSE02-AR-NG
IN1;N1X1322817;A03576M;BCYL-MSE02-AR-NG
IN1;N1X1322818;A03576M;BCYL-MSE02-AR-NG
IN1;N1X1322819;A03576M;BCYL-MSE02-AR-NG
IN1;N1X1322820;A32271C;GLACE-MS02-2C-CAST-NG
IN1;N1X1322821;A32271C;GLACE-MS02-2C-CAST-NG
IN1;N1X1322822;A44983U;GLACE-MS05-2C-CRG
IN1;N1X1322823;A44983U;GLACE-MS05-2C-CRG
IN1;N1X1322824;A17724Q;GLACE-MS02-1C-CAST-NG
IN1;N1X1322825;A17724Q;GLACE-MS02-1C-CAST-NG
IN1;N1X1322826;A17724Q;GLACE-MS02-1C-CAST-NG
IN1;N1X1322827;A17724Q;GLACE-MS02-1C-CAST-NG
IN1;N1X1322828;A17724Q;GLACE-MS02-1C-CAST-NG
IN1;N1X1322829;A03576M;BCYL-MSE02-AR-NG
IN1;N1X1322830;A03576M;BCYL-MSE02-AR-NG
IN1;N1X1322831;A03576M;BCYL-MSE02-AR-NG
IN1;N1X1322832;A03576M;BCYL-MSE02-AR-NG
IN1;N1X1322833;A17724Q;GLACE-MS02-1C-CAST-NG
IN1;N1X1322834;A17724Q;GLACE-MS02-1C-CAST-NG
IN1;N1X1322835;A17724Q;GLACE-MS02-1C-CAST-NG
IN1;N1X1322836;A17724Q;GLACE-MS02-1C-CAST-NG
IN1;N1X1322837;A17724Q;GLACE-MS02-1C-CAST-NG
IN1;N1X1322838;A17724Q;GLACE-MS02-1C-CAST-NG
IN1;N1X1322839;A17724Q;GLACE-MS02-1C-CAST-NG
IN1;N1X1322840;A17724Q;GLACE-MS02-1C-CAST-NG
IN1;N1X1322841;A17724Q;GLACE-MS02-1C-CAST-NG
IN1;N1X1322842;A17724Q;GLACE-MS02-1C-CAST-NG
IN1;N1X1322843;A17724Q;GLACE-MS02-1C-CAST-NG
IN1;N1X1322844;A17724Q;GLACE-MS02-1C-CAST-NG
IN1;N1X1322845;A17724Q;GLACE-MS02-1C-CAST-NG
IN1;N1X1322846;A17724Q;GLACE-MS02-1C-CAST-NG
IN1;N1X1322847;A03576M;BCYL-MSE02-AR-NG
IN1;N1X1322848;A03576M;BCYL-MSE02-AR-NG
IN1;N1X1322849;A03576M;BCYL-MSE02-AR-NG
IN1;N1X1322850;A03576M;BCYL-MSE02-AR-NG
IN1;N1X1322851;A03576M;BCYL-MSE02-AR-NG
IN1;N1X1322852;A03576M;BCYL-MSE02-AR-NG
IN1;N1X1322853;A03576M;BCYL-MSE02-AR-NG
IN1;N1X1322854;A03576M;BCYL-MSE02-AR-NG
IN1;N1X1322855;A03576M;BCYL-MSE02-AR-NG
IN1;N1X1322856;A03576M;BCYL-MSE02-AR-NG
IN1;N1X1322857;A03576M;BCYL-MSE02-AR-NG
IN1;N1X1322858;A03576M;BCYL-MSE02-AR-NG
IN1;N1X1322859;A03576M;BCYL-MSE02-AR-NG
IN1;N1X1322860;A03576M;BCYL-MSE02-AR-NG
IN1;N1X1322861;A03576M;BCYL-MSE02-AR-NG
IN1;N1X1322862;A03576M;BCYL-MSE02-AR-NG
IN1;N1X1322863;A03576M;BCYL-MSE02-AR-NG
IN1;N1X1322864;A03576M;BCYL-MSE02-AR-NG
IN1;N1X1322947;A03576M;BCYL-MSE02-AR-NG
IN1;N1X1322948;A03576M;BCYL-MSE02-AR-NG
IN1;N1X1322949;A03576M;BCYL-MSE02-AR-NG
IN1;N1X1322950;A03576M;BCYL-MSE02-AR-NG
IN1;N1X1322951;A03576M;BCYL-MSE02-AR-NG
IN1;N1X1322952;A03576M;BCYL-MSE02-AR-NG
IN1;N1X1322953;A03576M;BCYL-MSE02-AR-NG
IN1;N1X1322954;A03576M;BCYL-MSE02-AR-NG
IN1;N1X1322955;A03576M;BCYL-MSE02-AR-NG
IN1;N1X1322956;A03576M;BCYL-MSE02-AR-NG
IN1;N1X1322957;A03576M;BCYL-MSE02-AR-NG
IN1;N1X1322958;A03576M;BCYL-MSE02-AR-NG
IN1;N1X1322959;A03576M;BCYL-MSE02-AR-NG
IN1;N1X1322960;A17724Q;GLACE-MS02-1C-CAST-NG
IN1;N1X1322961;A17724Q;GLACE-MS02-1C-CAST-NG
IN1;N1X1322962;A17724Q;GLACE-MS02-1C-CAST-NG
IN1;N1X1322963;A17724Q;GLACE-MS02-1C-CAST-NG
IN1;N1X1322964;A17724Q;GLACE-MS02-1C-CAST-NG
IN1;N1X1322965;A17724Q;GLACE-MS02-1C-CAST-NG
IN1;N1X1322966;A17724Q;GLACE-MS02-1C-CAST-NG
IN1;N1X1322967;A17724Q;GLACE-MS02-1C-CAST-NG
IN1;N1X1322968;A17724Q;GLACE-MS02-1C-CAST-NG
IN1;N1X1322970;A25251W;MSE02-2-123-R02-1120-YDJP
IN1;N1X1322971;A15911U;MS05-1-113-R05-2A10-EFJ0
IN1;N1X1322972;A15911U;MS05-1-113-R05-2A10-EFJ0
IN1;N1X1322973;A15911U;MS05-1-113-R05-2A10-EFJ0
IN1;N1X1322974;A24382C;MSE02-2-12A-R02-1120-YJ00
IN1;N1X1322975;A24382C;MSE02-2-12A-R02-1120-YJ00
IN1;N1X1322976;A24382C;MSE02-2-12A-R02-1120-YJ00
IN1;N1X1322977;A47955A;MSE02-2-12A-F03-1120-YDGJ
IN1;N1X1322978;A47955A;MSE02-2-12A-F03-1120-YDGJ
IN1;N1X1322985;A07935A;MSE05-2-11A-A05-2AC1-DFP0
IN1;N1X1322989;B18092P;MSE02-2-D23-R02-1130-YDJMP
IN1;N1X1322991;A51225E;MS05-E-E7A-F04-3AC7-FMPSTZ
IN1;N1X1322992;A51225E;MS05-E-E7A-F04-3AC7-FMPSTZ
IN1;N1X1322993;A51225E;MS05-E-E7A-F04-3AC7-FMPSTZ
IN1;N1X1322994;A51225E;MS05-E-E7A-F04-3AC7-FMPSTZ
IN1;N1X1322995;A51225E;MS05-E-E7A-F04-3AC7-FMPSTZ
IN1;N1X1322996;A51225E;MS05-E-E7A-F04-3AC7-FMPSTZ
IN1;N1X1322997;A51225E;MS05-E-E7A-F04-3AC7-FMPSTZ
IN1;N1X1322998;B18093Q;MSE02-2-D23-F03-1130-YDJMP
IN1;N1X1322999;B18094R;MSE02-2-G23-R02-1130-YDJMP
IN1;N1X1323000;B18094R;MSE02-2-G23-R02-1130-YDJMP
IN1;N1X1323001;B18095S;MSE02-2-G23-F03-1130-YDJMP
IN1;N1X1323002;B18095S;MSE02-2-G23-F03-1130-YDJMP
IN1;N1X1323003;004743899M;MS05-6-133-F05-1230-DJ00
IN1;N1X1323004;004743899M;MS05-6-133-F05-1230-DJ00
IN1;N1X1323005;004743899M;MS05-6-133-F05-1230-DJ00
IN1;N1X1323006;004743899M;MS05-6-133-F05-1230-DJ00
IN1;N1X1323007;004743899M;MS05-6-133-F05-1230-DJ00
IN1;N1X1323008;004743899M;MS05-6-133-F05-1230-DJ00
IN1;N1X1323009;004743899M;MS05-6-133-F05-1230-DJ00
IN1;N1X1323010;004743899M;MS05-6-133-F05-1230-DJ00
IN1;N1X1323011;004743899M;MS05-6-133-F05-1230-DJ00
IN1;N1X1323012;004743899M;MS05-6-133-F05-1230-DJ00
IN1;N1X1323013;A24453E;MSE02-2-123-R02-1121-YDFJP
IN1;N1X1323014;A24453E;MSE02-2-123-R02-1121-YDFJP
IN1;N1X1323015;A24453E;MSE02-2-123-R02-1121-YDFJP
IN1;N1X1323016;B13305L;MSE02-1-1LA-F03-2AC5-Y3DFJM
IN1;N1X1323017;B18088K;MS05-2-D23-R05-1230-5DEJMP
IN1;N1X1323018;B18104C;MSE02-2-123-F03-1130-YDJMP
IN1;N1X1323019;A24340G;MSE02-2-123-R02-1120-YJ00
IN1;N1X1323020;A24340G;MSE02-2-123-R02-1120-YJ00
IN1;N1X1323033;B07778D;MSE02-9-12A-F03-1120-YDFGJV
IN1;N1X1323035;B07778D;MSE02-9-12A-F03-1120-YDFGJV
IN1;N1X1323074;B19715D;MS02-9-123-R02-1130-YDJ0
IN1;N1X1323075;B19715D;MS02-9-123-R02-1130-YDJ0
IN1;N1X1323076;B19715D;MS02-9-123-R02-1130-YDJ0
IN1;N1X1323077;B19715D;MS02-9-123-R02-1130-YDJ0
IN1;N1X1323078;B19715D;MS02-9-123-R02-1130-YDJ0
IN1;N1X1323079;B19715D;MS02-9-123-R02-1130-YDJ0
IN1;N1X1323080;B19715D;MS02-9-123-R02-1130-YDJ0
IN1;N1X1323081;B19715D;MS02-9-123-R02-1130-YDJ0
IN1;N1X1323082;B19715D;MS02-9-123-R02-1130-YDJ0
IN1;N1X1323083;B19715D;MS02-9-123-R02-1130-YDJ0
IN1;N1X1323084;B19715D;MS02-9-123-R02-1130-YDJ0
IN1;N1X1323085;B19715D;MS02-9-123-R02-1130-YDJ0
IN1;N1X1323086;B19715D;MS02-9-123-R02-1130-YDJ0
IN1;N1X1323087;B19715D;MS02-9-123-R02-1130-YDJ0
IN1;N1X1323088;B19715D;MS02-9-123-R02-1130-YDJ0
IN1;N1X1323089;B19715D;MS02-9-123-R02-1130-YDJ0
IN1;N1X1323090;B18090M;MS05-2-G23-R05-1230-5DEJMP
IN1;N1X1323091;B19713B;MSE02-2-DE3-F03-1130-YDJ0
IN1;N1X1323092;B19713B;MSE02-2-DE3-F03-1130-YDJ0
IN1;N1X1323146;A13141J;BCYL-MSE02-PAP-AR-NG
IN1;N1X1323147;A03576M;BCYL-MSE02-AR-NG
IN1;N1X1323148;A13141J;BCYL-MSE02-PAP-AR-NG
IN1;N1X1323149;A13141J;BCYL-MSE02-PAP-AR-NG
IN1;N1X1323150;A13141J;BCYL-MSE02-PAP-AR-NG
IN1;N1X1323151;A03576M;BCYL-MSE02-AR-NG
IN1;N1X1323152;A03576M;BCYL-MSE02-AR-NG
IN1;N1X1323153;A03576M;BCYL-MSE02-AR-NG
IN1;N1X1323154;A03576M;BCYL-MSE02-AR-NG
IN1;N1X1323155;A03576M;BCYL-MSE02-AR-NG
IN1;N1X1323156;A03576M;BCYL-MSE02-AR-NG
IN1;N1X1323334;A17724Q;GLACE-MS02-1C-CAST-NG
IN1;N1X1323335;A17724Q;GLACE-MS02-1C-CAST-NG
IN1;N1X1323336;A17724Q;GLACE-MS02-1C-CAST-NG
IN1;N1X1323337;A17724Q;GLACE-MS02-1C-CAST-NG
IN1;N1X1323465;A17724Q;GLACE-MS02-1C-CAST-NG
IN1;N1X1323466;A17724Q;GLACE-MS02-1C-CAST-NG
IN1;N1X1323467;A17724Q;GLACE-MS02-1C-CAST-NG
IN1;N1X1323506;A17724Q;GLACE-MS02-1C-CAST-NG
IN1;N1X1324111;A13141J;BCYL-MSE02-PAP-AR-NG
IN1;N1X1324112;A13141J;BCYL-MSE02-PAP-AR-NG
IN1;N1X1324113;A13141J;BCYL-MSE02-PAP-AR-NG
IN1;N1X1324114;A13141J;BCYL-MSE02-PAP-AR-NG
IN1;N1X1324115;A13141J;BCYL-MSE02-PAP-AR-NG
IN1;N1X1324116;A13141J;BCYL-MSE02-PAP-AR-NG
IN1;N1X1324117;A13141J;BCYL-MSE02-PAP-AR-NG
IN1;N1X1324118;A03576M;BCYL-MSE02-AR-NG
IN1;N1X1324119;A03576M;BCYL-MSE02-AR-NG
IN1;N1X1324120;A03576M;BCYL-MSE02-AR-NG
IN1;N1X1324121;A03576M;BCYL-MSE02-AR-NG
IN1;N1X1324122;A03576M;BCYL-MSE02-AR-NG
IN1;N1X1324123;A03576M;BCYL-MSE02-AR-NG
IN1;N1X1324124;A17724Q;GLACE-MS02-1C-CAST-NG
IN1;N1X1324125;A17724Q;GLACE-MS02-1C-CAST-NG
IN1;N1X1324126;A17724Q;GLACE-MS02-1C-CAST-NG
IN1;N1X1324127;A17724Q;GLACE-MS02-1C-CAST-NG
IN1;N1X1324128;A17724Q;GLACE-MS02-1C-CAST-NG
IN1;N1X1324129;A17724Q;GLACE-MS02-1C-CAST-NG
IN1;N1X1324130;A17724Q;GLACE-MS02-1C-CAST-NG
IN1;N1X1324131;A17724Q;GLACE-MS02-1C-CAST-NG
